Normalized_ID,Raw_Term,Official_Term_Name,Status,Is_Valid_ID,Cleaned_Term_Used,Frequency_Count,Model,Ontology_Match_Check,Suggested_Error_Type,MANUAL_Is_Real_Term,MANUAL_Present_In_Note,MANUAL_Error_Type
HP:0002650,Scoliosis,Scoliosis,Exact Match,True,Scoliosis,10,sim2,True,None,True,,
HP:0001903,Anemia,Anemia,Exact Match,True,Anemia,10,sim2,True,None,True,,
HP:0000219,Thin upper lip vermilion,Thin upper lip vermilion,Exact Match,True,Thin upper lip vermilion,10,sim2,True,None,True,,
HP:0005280,Depressed nasal bridge,Depressed nasal bridge,Exact Match,True,Depressed nasal bridge,9,sim2,True,None,True,,
HP:0000098,Tall stature,Tall stature,Exact Match,True,Tall stature,9,sim2,True,None,True,,
HP:0001166,Arachnodactyly,Arachnodactyly,Exact Match,True,Arachnodactyly,9,sim2,True,None,True,,
HP:0000545,Myopia,Myopia,Exact Match,True,Myopia,9,sim2,True,None,True,,
HP:0000490,Deeply set eye,Deeply set eye,Exact Match,True,Deeply set eye,9,sim2,True,None,True,,
HP:0000218,High palate,High palate,Exact Match,True,High palate,9,sim2,True,None,True,,
HP:0001897,Normocytic anemia,Normocytic anemia,Exact Match,True,Normocytic anemia,8,sim2,True,None,True,,
HP:0002829,Arthralgia,Arthralgia,Exact Match,True,Arthralgia,8,sim2,True,None,True,,
HP:0001533,Slender build,Slender build,Exact Match,True,Slender build,8,sim2,True,None,True,,
HP:0001382,Joint hypermobility,Joint hypermobility,Exact Match,True,Joint hypermobility,7,sim2,True,None,True,,
HP:0100749,Chest pain,Chest pain,Exact Match,True,Chest pain,7,sim2,True,None,True,,
HP:0003418,Back pain,Back pain,Exact Match,True,Back pain,7,sim2,True,None,True,,
HP:0012771,Increased arm span,Increased arm span,Exact Match,True,Increased arm span,5,sim2,True,None,True,,
HP:0030148,Heart murmur,Heart murmur,Exact Match,True,Heart murmur,5,sim2,True,None,True,,
HP:0031667,Holosystolic murmur,Holosystolic murmur,Exact Match,True,Holosystolic murmur,5,sim2,True,None,True,,
HP:0000490,Deep-set eyes,Deeply set eye,Synonym,True,Deep-set eyes,5,sim2,True,None,True,,
HP:0000218,High-arched palate,High palate,Synonym,True,High-arched palate,4,sim2,True,None,True,,
HP:0011273,Anisocytosis,Anisocytosis,Exact Match,True,Anisocytosis,4,sim2,True,None,True,,
HP:0025091,Wrist sign,Wrist sign,Exact Match,True,Wrist sign,4,sim2,True,None,True,,
HP:0001627,Cardiac murmur,Abnormal heart morphology,Name Mismatch,True,Cardiac murmur,4,sim2,False,Check Mapping,False,,
HP:6001274,Thumb sign,Thumb sign,Exact Match,True,Thumb sign,4,sim2,True,None,True,,
HP:0000490,Deeply set eyes,Deeply set eye,Name Mismatch,True,Deeply set eyes,3,sim2,False,Check Mapping,False,,
HP:0000766,Abnormal sternum morphology,Abnormal sternum morphology,Exact Match,True,Abnormal sternum morphology,3,sim2,True,None,True,,
HP:0000766,Abnormality of the sternum,Abnormal sternum morphology,Synonym,True,Abnormality of the sternum,3,sim2,True,None,True,,
HP:0000766,Pectus deformity,Abnormal sternum morphology,Synonym,True,Pectus deformity,3,sim2,True,None,True,,
HP:0031664,Systolic heart murmur,Systolic heart murmur,Exact Match,True,Systolic heart murmur,3,sim2,True,None,True,,
HP:0001894,Normocytic anemia,Thrombocytosis,Name Mismatch,True,Normocytic anemia,3,sim2,False,Check Mapping,False,,
HP:0001199,Positive thumb sign,Triphalangeal thumb,Name Mismatch,True,Positive thumb sign,3,sim2,False,Check Mapping,False,,
HP:0001548,Accelerated growth,Overgrowth,Name Mismatch,True,Accelerated growth,3,sim2,False,Check Mapping,False,,
HP:0001533,Thin build,Slender build,Synonym,True,Thin build,3,sim2,True,None,True,,
HP:0000218,High arched palate,High palate,Synonym,True,High arched palate,3,sim2,True,None,True,,
HP:0004334,Slender build,Dermal atrophy,Name Mismatch,True,Slender build,2,sim2,False,Check Mapping,False,,
HP:0001657,Holosystolic murmur,Prolonged QT interval,Name Mismatch,True,Holosystolic murmur,2,sim2,False,Check Mapping,False,,
HP:0000767,Pectus excavatum,Pectus excavatum,Exact Match,True,Pectus excavatum,2,sim2,True,None,True,,
HP:0004365,Slender build,Abnormal circulating tryptophan concentration,Name Mismatch,True,Slender build,2,sim2,False,Check Mapping,False,,
HP:0030837,Chest pain,Finger pain,Name Mismatch,True,Chest pain,2,sim2,False,Check Mapping,False,,
HP:0000765,Abnormality of the sternum,Abnormal thorax morphology,Name Mismatch,True,Abnormality of the sternum,2,sim2,False,Check Mapping,False,,
HP:0004325,Decreased body mass index,Decreased body weight,Name Mismatch,True,Decreased body mass index,2,sim2,False,Check Mapping,False,,
HP:0000598,Deep-set eyes,Abnormality of the ear,Name Mismatch,True,Deep-set eyes,2,sim2,False,Check Mapping,False,,
HP:0004325,Underweight,Decreased body weight,Name Mismatch,True,Underweight,2,sim2,False,Check Mapping,False,,
HP:0000592,Deep-set eyes,Blue sclerae,Name Mismatch,True,Deep-set eyes,2,sim2,False,Check Mapping,False,,
HP:0000591,Deep-set eyes,Abnormal sclera morphology,Name Mismatch,True,Deep-set eyes,2,sim2,False,Check Mapping,False,,
HP:0004325,Decreased body weight,Decreased body weight,Exact Match,True,Decreased body weight,2,sim2,True,None,True,,
HP:0030835,Exertional chest pain,Elbow pain,Name Mismatch,True,Exertional chest pain,2,sim2,False,Check Mapping,False,,
HP:0001892,Anemia,Abnormal bleeding,Name Mismatch,True,Anemia,2,sim2,False,Check Mapping,False,,
HP:0004322,Thin body habitus,Short stature,Name Mismatch,True,Thin body habitus,2,sim2,False,Check Mapping,False,,
HP:0004322,Tall stature,Short stature,Name Mismatch,True,Tall stature,2,sim2,False,Check Mapping,False,,
HP:0001900,Anisocytosis,Increased circulating hemoglobin concentration,Name Mismatch,True,Anisocytosis,2,sim2,False,Check Mapping,False,,
HP:0001900,Normocytic anemia,Increased circulating hemoglobin concentration,Name Mismatch,True,Normocytic anemia,2,sim2,False,Check Mapping,False,,
HP:0030836,Exertional chest pain,Wrist pain,Name Mismatch,True,Exertional chest pain,2,sim2,False,Check Mapping,False,,
HP:0001168,Arachnodactyly,,Invalid ID,False,Arachnodactyly,2,sim2,False,Invalid ID,False,,
HP:0030835,Chest pain,Elbow pain,Name Mismatch,True,Chest pain,2,sim2,False,Check Mapping,False,,
HP:0001072,Increased arm span,Thickened skin,Name Mismatch,True,Increased arm span,2,sim2,False,Check Mapping,False,,
HP:0001511,Slender build,Intrauterine growth retardation,Name Mismatch,True,Slender build,2,sim2,False,Check Mapping,False,,
HP:0001519,Disproportionate tall stature,Disproportionate tall stature,Exact Match,True,Disproportionate tall stature,2,sim2,True,None,True,,
HP:0001519,Slender build,Disproportionate tall stature,Name Mismatch,True,Slender build,2,sim2,False,Check Mapping,False,,
HP:0001510,Accelerated somatic growth,Growth delay,Name Mismatch,True,Accelerated somatic growth,2,sim2,False,Check Mapping,False,,
HP:0001510,Accelerated growth,Growth delay,Name Mismatch,True,Accelerated growth,2,sim2,False,Check Mapping,False,,
HP:0001507,Thin body habitus,Growth abnormality,Name Mismatch,True,Thin body habitus,2,sim2,False,Check Mapping,False,,
HP:0001388,Joint hypermobility,obsolete Joint laxity,Name Mismatch,True,Joint hypermobility,2,sim2,False,Check Mapping,False,,
HP:0001550,Accelerated growth,,Invalid ID,False,Accelerated growth,2,sim2,False,Invalid ID,False,,
HP:0012136,Anisocytosis,Dysplastic granulopoesis,Name Mismatch,True,Anisocytosis,2,sim2,False,Check Mapping,False,,
HP:0001558,Accelerated growth,Decreased fetal movement,Name Mismatch,True,Accelerated growth,2,sim2,False,Check Mapping,False,,
HP:0005616,Accelerated skeletal maturation,Accelerated skeletal maturation,Exact Match,True,Accelerated skeletal maturation,2,sim2,True,None,True,,
HP:0001558,Accelerated skeletal maturation,Decreased fetal movement,Name Mismatch,True,Accelerated skeletal maturation,2,sim2,False,Check Mapping,False,,
HP:0001189,Positive wrist sign,,Invalid ID,False,Positive wrist sign,2,sim2,False,Invalid ID,False,,
HP:0001183,Positive wrist sign,,Invalid ID,False,Positive wrist sign,2,sim2,False,Invalid ID,False,,
HP:0001622,Cardiac murmur,Premature birth,Name Mismatch,True,Cardiac murmur,2,sim2,False,Check Mapping,False,,
HP:0001626,Cardiac murmur,Abnormality of the cardiovascular system,Name Mismatch,True,Cardiac murmur,2,sim2,False,Check Mapping,False,,
HP:0001626,Heart murmur,Abnormality of the cardiovascular system,Name Mismatch,True,Heart murmur,2,sim2,False,Check Mapping,False,,
HP:0001176,Positive wrist sign,Large hands,Name Mismatch,True,Positive wrist sign,2,sim2,False,Check Mapping,False,,
HP:0030149,Holosystolic murmur,Cardiogenic shock,Name Mismatch,True,Holosystolic murmur,2,sim2,False,Check Mapping,False,,
HP:0001627,Heart murmur,Abnormal heart morphology,Name Mismatch,True,Heart murmur,2,sim2,False,Check Mapping,False,,
HP:0001170,Increased arm span,,Invalid ID,False,Increased arm span,2,sim2,False,Invalid ID,False,,
HP:0001627,Holosystolic murmur,Abnormal heart morphology,Name Mismatch,True,Holosystolic murmur,2,sim2,False,Check Mapping,False,,
HP:0001628,Holosystolic murmur,,Invalid ID,False,Holosystolic murmur,2,sim2,False,Invalid ID,False,,
HP:0001902,Anisocytosis,Giant platelets,Name Mismatch,True,Anisocytosis,2,sim2,False,Check Mapping,False,,
HP:0001629,Cardiac murmur,Ventricular septal defect,Name Mismatch,True,Cardiac murmur,2,sim2,False,Check Mapping,False,,
HP:0001167,Arachnodactyly,Abnormal finger morphology,Name Mismatch,True,Arachnodactyly,2,sim2,False,Check Mapping,False,,
HP:0005134,Exertional chest pain,Absence of the pulmonary valve,Name Mismatch,True,Exertional chest pain,2,sim2,False,Check Mapping,False,,
HP:0004847,Normocytic anemia,,Invalid ID,False,Normocytic anemia,2,sim2,False,Invalid ID,False,,
HP:0004845,Normocytic anemia,Acute monocytic leukemia,Name Mismatch,True,Normocytic anemia,2,sim2,False,Check Mapping,False,,
HP:0001901,Anisocytosis,Polycythemia,Name Mismatch,True,Anisocytosis,2,sim2,False,Check Mapping,False,,
HP:0000765,Abnormality of the thorax,Abnormal thorax morphology,Synonym,True,Abnormality of the thorax,2,sim2,True,None,True,,
HP:0000410,Flat nasal bridge,Mixed hearing impairment,Name Mismatch,True,Flat nasal bridge,2,sim2,False,Check Mapping,False,,
HP:0000407,Flat nasal bridge,Sensorineural hearing impairment,Name Mismatch,True,Flat nasal bridge,2,sim2,False,Check Mapping,False,,
HP:0000490,Deep-set eye,Deeply set eye,Name Mismatch,True,Deep-set eye,2,sim2,False,Check Mapping,False,,
HP:0001930,Normocytic anemia,Nonspherocytic hemolytic anemia,Name Mismatch,True,Normocytic anemia,2,sim2,False,Check Mapping,False,,
HP:0001939,Anisocytosis,Abnormality of metabolism/homeostasis,Name Mismatch,True,Anisocytosis,2,sim2,False,Check Mapping,False,,
HP:0003419,Back pain,Low back pain,Name Mismatch,True,Back pain,2,sim2,False,Check Mapping,False,,
HP:0001943,Normocytic anemia,Hypoglycemia,Name Mismatch,True,Normocytic anemia,2,sim2,False,Check Mapping,False,,
HP:0000418,Flat nasal bridge,Narrow nasal ridge,Name Mismatch,True,Flat nasal bridge,2,sim2,False,Check Mapping,False,,
HP:0000417,Flat nasal bridge,Slender nose,Name Mismatch,True,Flat nasal bridge,2,sim2,False,Check Mapping,False,,
HP:0000412,Flat nasal bridge,,Invalid ID,False,Flat nasal bridge,2,sim2,False,Invalid ID,False,,
HP:0000408,Flat nasal bridge,Progressive sensorineural hearing impairment,Name Mismatch,True,Flat nasal bridge,2,sim2,False,Check Mapping,False,,
HP:0000405,Flat nasal bridge,Conductive hearing impairment,Name Mismatch,True,Flat nasal bridge,2,sim2,False,Check Mapping,False,,
HP:0032049,Holosystolic murmur,Focal cortical dysplasia type Ib,Name Mismatch,True,Holosystolic murmur,2,sim2,False,Check Mapping,False,,
HP:0000340,Flat nasal bridge,Sloping forehead,Name Mismatch,True,Flat nasal bridge,2,sim2,False,Check Mapping,False,,
HP:0000219,Thin upper vermilion,Thin upper lip vermilion,Name Mismatch,True,Thin upper vermilion,2,sim2,False,Check Mapping,False,,
HP:0002934,Progressive scoliosis,,Invalid ID,False,Progressive scoliosis,2,sim2,False,Invalid ID,False,,
HP:0000219,Thin upper lip,Thin upper lip vermilion,Synonym,True,Thin upper lip,2,sim2,True,None,True,,
HP:0002653,Progressive scoliosis,Bone pain,Name Mismatch,True,Progressive scoliosis,2,sim2,False,Check Mapping,False,,
HP:0000219,High-arched palate,Thin upper lip vermilion,Name Mismatch,True,High-arched palate,2,sim2,False,Check Mapping,False,,
HP:0000219,High arched palate,Thin upper lip vermilion,Name Mismatch,True,High arched palate,2,sim2,False,Check Mapping,False,,
HP:0000218,Thin upper lip,High palate,Name Mismatch,True,Thin upper lip,2,sim2,False,Check Mapping,False,,
HP:0002879,Exertional chest pain,Anisospondyly,Name Mismatch,True,Exertional chest pain,2,sim2,False,Check Mapping,False,,
HP:0032064,Holosystolic murmur,Gastrointestinal eosinophilia,Name Mismatch,True,Holosystolic murmur,2,sim2,False,Check Mapping,False,,
HP:0001513,Increased arm span,Obesity,Name Mismatch,True,Increased arm span,2,sim2,False,Check Mapping,False,,
HP:0000525,Myopia,Abnormality iris morphology,Name Mismatch,True,Myopia,2,sim2,False,Check Mapping,False,,
HP:0001923,Anisocytosis,Reticulocytosis,Name Mismatch,True,Anisocytosis,2,sim2,False,Check Mapping,False,,
HP:0000520,Myopia,Proptosis,Name Mismatch,True,Myopia,2,sim2,False,Check Mapping,False,,
HP:0004325,Thin build,Decreased body weight,Name Mismatch,True,Thin build,1,sim2,False,Check Mapping,False,,
HP:0004320,Low body weight,Vaginal fistula,Name Mismatch,True,Low body weight,1,sim2,False,Check Mapping,False,,
HP:0002935,Progressive scoliosis,,Invalid ID,False,Progressive scoliosis,1,sim2,False,Invalid ID,False,,
HP:0005617,Accelerated skeletal maturation,Bilateral camptodactyly,Name Mismatch,True,Accelerated skeletal maturation,1,sim2,False,Check Mapping,False,,
HP:0005692,Joint hypermobility,obsolete Joint hyperflexibility,Name Mismatch,True,Joint hypermobility,1,sim2,False,Check Mapping,False,,
HP:0004318,Holosystolic murmur,,Invalid ID,False,Holosystolic murmur,1,sim2,False,Invalid ID,False,,
HP:0005740,Positive wrist sign,,Invalid ID,False,Positive wrist sign,1,sim2,False,Invalid ID,False,,
HP:0004322,Reduced body weight,Short stature,Name Mismatch,True,Reduced body weight,1,sim2,False,Check Mapping,False,,
HP:0005872,Clavicular fracture,Brachytelomesophalangy,Name Mismatch,True,Clavicular fracture,1,sim2,False,Check Mapping,False,,
HP:0005882,Clavicular fracture,Dermatoglyphic variants,Name Mismatch,True,Clavicular fracture,1,sim2,False,Check Mapping,False,,
HP:0004321,Underweight,Bladder fistula,Name Mismatch,True,Underweight,1,sim2,False,Check Mapping,False,,
HP:0005882,Fracture of the clavicle,Dermatoglyphic variants,Name Mismatch,True,Fracture of the clavicle,1,sim2,False,Check Mapping,False,,
HP:0005917,Increased arm span,Supernumerary metacarpal bones,Name Mismatch,True,Increased arm span,1,sim2,False,Check Mapping,False,,
HP:0004322,Low body weight,Short stature,Name Mismatch,True,Low body weight,1,sim2,False,Check Mapping,False,,
HP:0002936,Progressive scoliosis,Distal sensory impairment,Name Mismatch,True,Progressive scoliosis,1,sim2,False,Check Mapping,False,,
HP:0005616,Accelerated growth,Accelerated skeletal maturation,Name Mismatch,True,Accelerated growth,1,sim2,False,Check Mapping,False,,
HP:0006665,Clavicle fracture,Coat hanger sign of ribs,Name Mismatch,True,Clavicle fracture,1,sim2,False,Check Mapping,False,,
HP:0005615,Increased ratio of arm span to height,,Invalid ID,False,Increased ratio of arm span to height,1,sim2,False,Invalid ID,False,,
HP:0002939,Progressive scoliosis,,Invalid ID,False,Progressive scoliosis,1,sim2,False,Invalid ID,False,,
HP:0005537,Normocytic anemia,Decreased mean platelet volume,Name Mismatch,True,Normocytic anemia,1,sim2,False,Check Mapping,False,,
HP:0002943,Progressive scoliosis,Thoracic scoliosis,Name Mismatch,True,Progressive scoliosis,1,sim2,False,Check Mapping,False,,
HP:0005527,Normocytic anemia,Reduced kininogen activity,Name Mismatch,True,Normocytic anemia,1,sim2,False,Check Mapping,False,,
HP:0005517,Anisocytosis,T-cell lymphoma/leukemia,Name Mismatch,True,Anisocytosis,1,sim2,False,Check Mapping,False,,
HP:0002967,Progressive scoliosis,Cubitus valgus,Name Mismatch,True,Progressive scoliosis,1,sim2,False,Check Mapping,False,,
HP:0005298,Depressed nasal bridge,obsolete Atrioventricular canal defect with right ventricle aorta and pulmonary atresia,Name Mismatch,True,Depressed nasal bridge,1,sim2,False,Check Mapping,False,,
HP:0005294,Flat nasal bridge,Arterial dissection,Name Mismatch,True,Flat nasal bridge,1,sim2,False,Check Mapping,False,,
HP:0003022,Disproportionate tall stature,Hypoplasia of the ulna,Name Mismatch,True,Disproportionate tall stature,1,sim2,False,Check Mapping,False,,
HP:0003093,Pectus deformity,Limited hip extension,Name Mismatch,True,Pectus deformity,1,sim2,False,Check Mapping,False,,
HP:0005282,Depressed nasal bridge,,Invalid ID,False,Depressed nasal bridge,1,sim2,False,Invalid ID,False,,
HP:0005281,Hypoplastic nasal bridge,Hypoplastic nasal bridge,Exact Match,True,Hypoplastic nasal bridge,1,sim2,True,None,True,,
HP:0003143,Heart murmur,,Invalid ID,False,Heart murmur,1,sim2,False,Invalid ID,False,,
HP:0006490,Increased arm span to height ratio,Abnormal lower-limb metaphysis morphology,Name Mismatch,True,Increased arm span to height ratio,1,sim2,False,Check Mapping,False,,
HP:0007957,Progressive myopia,Corneal opacity,Name Mismatch,True,Progressive myopia,1,sim2,False,Check Mapping,False,,
HP:0005281,Flat nasal bridge,Hypoplastic nasal bridge,Name Mismatch,True,Flat nasal bridge,1,sim2,False,Check Mapping,False,,
HP:0002879,Chest pain,Anisospondyly,Name Mismatch,True,Chest pain,1,sim2,False,Check Mapping,False,,
HP:0010455,Holosystolic murmur,Steep acetabular roof,Name Mismatch,True,Holosystolic murmur,1,sim2,False,Check Mapping,False,,
HP:0010455,Heart murmur,Steep acetabular roof,Name Mismatch,True,Heart murmur,1,sim2,False,Check Mapping,False,,
HP:0010454,Holosystolic murmur,Acetabular spurs,Name Mismatch,True,Holosystolic murmur,1,sim2,False,Check Mapping,False,,
HP:0010453,Holosystolic murmur,Pelvic bone asymmetry,Name Mismatch,True,Holosystolic murmur,1,sim2,False,Check Mapping,False,,
HP:0010453,Heart murmur,Pelvic bone asymmetry,Name Mismatch,True,Heart murmur,1,sim2,False,Check Mapping,False,,
HP:0002877,Exertional chest pain,Nocturnal hypoventilation,Name Mismatch,True,Exertional chest pain,1,sim2,False,Check Mapping,False,,
HP:0010447,Holosystolic murmur,Anal fistula,Name Mismatch,True,Holosystolic murmur,1,sim2,False,Check Mapping,False,,
HP:0010438,Holosystolic murmur,Abnormal ventricular septum morphology,Name Mismatch,True,Holosystolic murmur,1,sim2,False,Check Mapping,False,,
HP:0010319,Pectus deformity,Abnormal second toe morphology,Name Mismatch,True,Pectus deformity,1,sim2,False,Check Mapping,False,,
HP:0002878,Chest pain,Respiratory failure,Name Mismatch,True,Chest pain,1,sim2,False,Check Mapping,False,,
HP:0010317,Pectus deformity,Scapular aplasia,Name Mismatch,True,Pectus deformity,1,sim2,False,Check Mapping,False,,
HP:0010307,Pectus deformity,Stridor,Name Mismatch,True,Pectus deformity,1,sim2,False,Check Mapping,False,,
HP:0002878,Exertional chest pain,Respiratory failure,Name Mismatch,True,Exertional chest pain,1,sim2,False,Check Mapping,False,,
HP:0010078,Positive thumb sign,Bullet-shaped distal phalanx of the hallux,Name Mismatch,True,Positive thumb sign,1,sim2,False,Check Mapping,False,,
HP:0004322,Body habitus,Short stature,Name Mismatch,True,Body habitus,1,sim2,False,Check Mapping,False,,
HP:0008451,Progressive scoliosis,Posterior vertebral hypoplasia,Name Mismatch,True,Progressive scoliosis,1,sim2,False,Check Mapping,False,,
HP:0010069,Positive wrist sign,Bullet-shaped 1st metatarsal,Name Mismatch,True,Positive wrist sign,1,sim2,False,Check Mapping,False,,
HP:0002880,Exertional chest pain,obsolete Respiratory difficulties,Name Mismatch,True,Exertional chest pain,1,sim2,False,Check Mapping,False,,
HP:0010065,Walker-Murdoch sign,Triangular shaped phalanges of the hallux,Name Mismatch,True,Walker-Murdoch sign,1,sim2,False,Check Mapping,False,,
HP:0002888,Exertional chest pain,Ependymoma,Name Mismatch,True,Exertional chest pain,1,sim2,False,Check Mapping,False,,
HP:0010058,Positive thumb sign,Aplasia/Hypoplasia of the phalanges of the hallux,Name Mismatch,True,Positive thumb sign,1,sim2,False,Check Mapping,False,,
HP:0010054,Positive thumb sign,Abnormality of the first metatarsal bone,Name Mismatch,True,Positive thumb sign,1,sim2,False,Check Mapping,False,,
HP:0010046,Positive thumb sign (Steinberg sign),Aplasia of the 5th metacarpal,Name Mismatch,True,Positive thumb sign,1,sim2,False,Check Mapping,False,,
HP:0002895,Chest pain,Papillary thyroid carcinoma,Name Mismatch,True,Chest pain,1,sim2,False,Check Mapping,False,,
HP:0010043,Steinberg sign,Aplasia of the 4th metacarpal,Name Mismatch,True,Steinberg sign,1,sim2,False,Check Mapping,False,,
HP:0008914,Postnatal growth acceleration,,Invalid ID,False,Postnatal growth acceleration,1,sim2,False,Invalid ID,False,,
HP:0008913,Accelerated skeletal maturation,,Invalid ID,False,Accelerated skeletal maturation,1,sim2,False,Invalid ID,False,,
HP:0008453,Progressive scoliosis,Congenital kyphoscoliosis,Name Mismatch,True,Progressive scoliosis,1,sim2,False,Check Mapping,False,,
HP:0008452,Progressive scoliosis,Wafer-thin platyspondyly,Name Mismatch,True,Progressive scoliosis,1,sim2,False,Check Mapping,False,,
HP:0002933,Progressive scoliosis,Ventral hernia,Name Mismatch,True,Progressive scoliosis,1,sim2,False,Check Mapping,False,,
HP:0003144,Cardiac murmur,Increased serum serotonin,Name Mismatch,True,Cardiac murmur,1,sim2,False,Check Mapping,False,,
HP:0003144,Heart murmur,Increased serum serotonin,Name Mismatch,True,Heart murmur,1,sim2,False,Check Mapping,False,,
HP:0004325,Thin habitus,Decreased body weight,Name Mismatch,True,Thin habitus,1,sim2,False,Check Mapping,False,,
HP:0004333,Thin body habitus,Bone-marrow foam cells,Name Mismatch,True,Thin body habitus,1,sim2,False,Check Mapping,False,,
HP:0003422,Back pain,Vertebral segmentation defect,Name Mismatch,True,Back pain,1,sim2,False,Check Mapping,False,,
HP:0004365,Thin body habitus,Abnormal circulating tryptophan concentration,Name Mismatch,True,Thin body habitus,1,sim2,False,Check Mapping,False,,
HP:0003498,Slender build,Disproportionate short stature,Name Mismatch,True,Slender build,1,sim2,False,Check Mapping,False,,
HP:0004364,Thin build,Abnormal circulating nitrogen compound concentration,Name Mismatch,True,Thin build,1,sim2,False,Check Mapping,False,,
HP:0004364,Thin body habitus,Abnormal circulating nitrogen compound concentration,Name Mismatch,True,Thin body habitus,1,sim2,False,Check Mapping,False,,
HP:0004334,Thin habitus,Dermal atrophy,Name Mismatch,True,Thin habitus,1,sim2,False,Check Mapping,False,,
HP:0004334,Thin build,Dermal atrophy,Name Mismatch,True,Thin build,1,sim2,False,Check Mapping,False,,
HP:0003508,Asthenic habitus,Proportionate short stature,Name Mismatch,True,Asthenic habitus,1,sim2,False,Check Mapping,False,,
HP:0003508,Slender build,Proportionate short stature,Name Mismatch,True,Slender build,1,sim2,False,Check Mapping,False,,
HP:0003522,Arm span greater than height,,Invalid ID,False,Arm span greater than height,1,sim2,False,Invalid ID,False,,
HP:0004334,Decreased body weight,Dermal atrophy,Name Mismatch,True,Decreased body weight,1,sim2,False,Check Mapping,False,,
HP:0003541,Exertional chest pain,Urinary glycosaminoglycan excretion,Name Mismatch,True,Exertional chest pain,1,sim2,False,Check Mapping,False,,
HP:0004333,Thin habitus,Bone-marrow foam cells,Name Mismatch,True,Thin habitus,1,sim2,False,Check Mapping,False,,
HP:0004333,Thin build,Bone-marrow foam cells,Name Mismatch,True,Thin build,1,sim2,False,Check Mapping,False,,
HP:0004333,Slender build,Bone-marrow foam cells,Name Mismatch,True,Slender build,1,sim2,False,Check Mapping,False,,
HP:0004365,Thin build,Abnormal circulating tryptophan concentration,Name Mismatch,True,Thin build,1,sim2,False,Check Mapping,False,,
HP:0004332,Slender build,Abnormal lymphocyte morphology,Name Mismatch,True,Slender build,1,sim2,False,Check Mapping,False,,
HP:0003542,Exertional chest pain,Increased circulating pyruvate concentration,Name Mismatch,True,Exertional chest pain,1,sim2,False,Check Mapping,False,,
HP:0010459,Heart murmur,True hermaphroditism,Name Mismatch,True,Heart murmur,1,sim2,False,Check Mapping,False,,
HP:0003834,Slender build,Shoulder dislocation,Name Mismatch,True,Slender build,1,sim2,False,Check Mapping,False,,
HP:0003546,Exertional chest pain,Exercise intolerance,Name Mismatch,True,Exertional chest pain,1,sim2,False,Check Mapping,False,,
HP:0004332,Holosystolic murmur,Abnormal lymphocyte morphology,Name Mismatch,True,Holosystolic murmur,1,sim2,False,Check Mapping,False,,
HP:0004332,Decreased body mass index,Abnormal lymphocyte morphology,Name Mismatch,True,Decreased body mass index,1,sim2,False,Check Mapping,False,,
HP:0004330,Thin build,Increased skull ossification,Name Mismatch,True,Thin build,1,sim2,False,Check Mapping,False,,
HP:0004330,Thin body habitus,Increased skull ossification,Name Mismatch,True,Thin body habitus,1,sim2,False,Check Mapping,False,,
HP:0003758,Reduced subcutaneous adipose tissue,Reduced subcutaneous adipose tissue,Exact Match,True,Reduced subcutaneous adipose tissue,1,sim2,True,None,True,,
HP:0004330,Slender build,Increased skull ossification,Name Mismatch,True,Slender build,1,sim2,False,Check Mapping,False,,
HP:0004325,Low body mass index,Decreased body weight,Name Mismatch,True,Low body mass index,1,sim2,False,Check Mapping,False,,
HP:0004325,Thin body habitus,Decreased body weight,Name Mismatch,True,Thin body habitus,1,sim2,False,Check Mapping,False,,
HP:0003561,Accelerated somatic growth,Birth length less than 3rd percentile,Name Mismatch,True,Accelerated somatic growth,1,sim2,False,Check Mapping,False,,
HP:0004325,Asthenic build,Decreased body weight,Name Mismatch,True,Asthenic build,1,sim2,False,Check Mapping,False,,
HP:0004324,Thin body habitus,Increased body weight,Name Mismatch,True,Thin body habitus,1,sim2,False,Check Mapping,False,,
HP:0005281,Depressed nasal bridge,Hypoplastic nasal bridge,Name Mismatch,True,Depressed nasal bridge,1,sim2,False,Check Mapping,False,,
HP:0004323,Low body mass index,Abnormality of body weight,Name Mismatch,True,Low body mass index,1,sim2,False,Check Mapping,False,,
HP:0005281,Broad nasal bridge,Hypoplastic nasal bridge,Name Mismatch,True,Broad nasal bridge,1,sim2,False,Check Mapping,False,,
HP:0004313,Holosystolic murmur,Decreased circulating immunoglobulin concentration,Name Mismatch,True,Holosystolic murmur,1,sim2,False,Check Mapping,False,,
HP:0005280,"reflects its misalignment with ""flat.""",Depressed nasal bridge,Name Mismatch,True,"reflects its misalignment with ""flat.""",1,sim2,False,Check Mapping,False,,
HP:0003195,Flat nasal bridge,,Invalid ID,False,Flat nasal bridge,1,sim2,False,Invalid ID,False,,
HP:0003256,Exertional chest pain,Abnormality of the coagulation cascade,Name Mismatch,True,Exertional chest pain,1,sim2,False,Check Mapping,False,,
HP:0003261,Progressive scoliosis,Increased circulating IgA concentration,Name Mismatch,True,Progressive scoliosis,1,sim2,False,Check Mapping,False,,
HP:0004322,Underweight,Short stature,Name Mismatch,True,Underweight,1,sim2,False,Check Mapping,False,,
HP:0004322,Wasting,Short stature,Name Mismatch,True,Wasting,1,sim2,False,Check Mapping,False,,
HP:0003262,Rapid growth,Anti-smooth muscle antibody positivity,Name Mismatch,True,Rapid growth,1,sim2,False,Check Mapping,False,,
HP:0004322,Cachexia,Short stature,Name Mismatch,True,Cachexia,1,sim2,False,Check Mapping,False,,
HP:0005280,Flat nasal bridge,Depressed nasal bridge,Synonym,True,Flat nasal bridge,1,sim2,True,None,True,,
HP:0005280,"Depressed nasal bridge - DIRECT (""flat nasal bridge"")",Depressed nasal bridge,Name Mismatch,True,Depressed nasal bridge - DIRECT,1,sim2,False,Check Mapping,False,,
HP:0003270,Back pain,Abdominal distention,Name Mismatch,True,Back pain,1,sim2,False,Check Mapping,False,,
HP:0005280,"Depressed nasal bridge (from ""flat nasal bridge"") - Direct",Depressed nasal bridge,Name Mismatch,True,Depressed nasal bridge - Direct,1,sim2,False,Check Mapping,False,,
HP:0003364,Back pain,,Invalid ID,False,Back pain,1,sim2,False,Invalid ID,False,,
HP:0004323,Thin body habitus,Abnormality of body weight,Name Mismatch,True,Thin body habitus,1,sim2,False,Check Mapping,False,,
HP:0004323,Low body weight,Abnormality of body weight,Name Mismatch,True,Low body weight,1,sim2,False,Check Mapping,False,,
HP:0004849,Normocytic anemia,,Invalid ID,False,Normocytic anemia,1,sim2,False,Invalid ID,False,,
HP:0004848,Normocytic anemia,Ph-positive acute lymphoblastic leukemia,Name Mismatch,True,Normocytic anemia,1,sim2,False,Check Mapping,False,,
HP:0004323,Reduced body weight,Abnormality of body weight,Name Mismatch,True,Reduced body weight,1,sim2,False,Check Mapping,False,,
HP:0004846,Normocytic anemia,Prolonged bleeding after surgery,Name Mismatch,True,Normocytic anemia,1,sim2,False,Check Mapping,False,,
HP:0003418,"Back pain (from ""Back pain related to scoliosis"") - Direct",Back pain,Name Mismatch,True,Back pain - Direct,1,sim2,False,Check Mapping,False,,
HP:0004825,Normocytic anemia,Increased hemoglobin oxygen affinity,Name Mismatch,True,Normocytic anemia,1,sim2,False,Check Mapping,False,,
HP:0004820,Anisocytosis,Acute myelomonocytic leukemia,Name Mismatch,True,Anisocytosis,1,sim2,False,Check Mapping,False,,
HP:0003418,Progressive scoliosis,Back pain,Name Mismatch,True,Progressive scoliosis,1,sim2,False,Check Mapping,False,,
HP:0004419,Holosystolic murmur,Recurrent thrombophlebitis,Name Mismatch,True,Holosystolic murmur,1,sim2,False,Check Mapping,False,,
HP:0004416,Systolic murmur,Precocious atherosclerosis,Name Mismatch,True,Systolic murmur,1,sim2,False,Check Mapping,False,,
HP:0004414,Holosystolic murmur,Abnormality of the pulmonary artery,Name Mismatch,True,Holosystolic murmur,1,sim2,False,Check Mapping,False,,
HP:0004396,Holosystolic murmur,Poor appetite,Name Mismatch,True,Holosystolic murmur,1,sim2,False,Check Mapping,False,,
HP:0004390,Holosystolic murmur,Hamartomatous polyposis,Name Mismatch,True,Holosystolic murmur,1,sim2,False,Check Mapping,False,,
HP:0004322,Increased arm span,Short stature,Name Mismatch,True,Increased arm span,1,sim2,False,Check Mapping,False,,
HP:0011273,Anisocytosis (from high RDW) - Inferred,Anisocytosis,Name Mismatch,True,Anisocytosis - Inferred,1,sim2,False,Check Mapping,False,,
HP:0010523,Positive thumb sign,Alexia,Name Mismatch,True,Positive thumb sign,1,sim2,False,Check Mapping,False,,
HP:0031375,Slender build,Refractory,Name Mismatch,True,Slender build,1,sim2,False,Check Mapping,False,,
HP:0031430,Slender build,Oligoclonal T cell expansion,Name Mismatch,True,Slender build,1,sim2,False,Check Mapping,False,,
HP:0031430,Thin body habitus,Oligoclonal T cell expansion,Name Mismatch,True,Thin body habitus,1,sim2,False,Check Mapping,False,,
HP:0031434,Slender habitus,Abnormal prosody,Name Mismatch,True,Slender habitus,1,sim2,False,Check Mapping,False,,
HP:0031434,Thin body habitus,Abnormal prosody,Name Mismatch,True,Thin body habitus,1,sim2,False,Check Mapping,False,,
HP:0031439,Slender habitus,Abnormal angiostatin level,Name Mismatch,True,Slender habitus,1,sim2,False,Check Mapping,False,,
HP:0031439,Thin body habitus,Abnormal angiostatin level,Name Mismatch,True,Thin body habitus,1,sim2,False,Check Mapping,False,,
HP:0031444,Thin body habitus,Dilatation of the tricuspid annulus,Name Mismatch,True,Thin body habitus,1,sim2,False,Check Mapping,False,,
HP:0031446,Thin body habitus,Erosion of oral mucosa,Name Mismatch,True,Thin body habitus,1,sim2,False,Check Mapping,False,,
HP:0031546,Systolic heart murmur,Cardiac conduction abnormality,Name Mismatch,True,Systolic heart murmur,1,sim2,False,Check Mapping,False,,
HP:0031618,Positive wrist sign,Anterior chamber flare grade 1+,Name Mismatch,True,Positive wrist sign,1,sim2,False,Check Mapping,False,,
HP:0031619,Positive thumb sign,Anterior chamber flare grade 2+,Name Mismatch,True,Positive thumb sign,1,sim2,False,Check Mapping,False,,
HP:0031627,Holosystolic murmur,Globus pallidus calcification,Name Mismatch,True,Holosystolic murmur,1,sim2,False,Check Mapping,False,,
HP:0031649,Systolic heart murmur,Aortic rupture,Name Mismatch,True,Systolic heart murmur,1,sim2,False,Check Mapping,False,,
HP:0031649,Systolic murmur,Aortic rupture,Name Mismatch,True,Systolic murmur,1,sim2,False,Check Mapping,False,,
HP:0031650,Systolic heart murmur,Abnormal atrioventricular valve physiology,Name Mismatch,True,Systolic heart murmur,1,sim2,False,Check Mapping,False,,
HP:0031654,Pansystolic murmur,Abnormal pulmonary valve physiology,Name Mismatch,True,Pansystolic murmur,1,sim2,False,Check Mapping,False,,
HP:0031667,"Holosystolic murmur (from ""holosystolic murmur"") - Direct",Holosystolic murmur,Name Mismatch,True,Holosystolic murmur - Direct,1,sim2,False,Check Mapping,False,,
HP:0031667,Holosystolic murmur - DIRECT,Holosystolic murmur,Name Mismatch,True,Holosystolic murmur - DIRECT,1,sim2,False,Check Mapping,False,,
HP:0031810,Thin habitus,Anti-ganglioside antibody positivity,Name Mismatch,True,Thin habitus,1,sim2,False,Check Mapping,False,,
HP:0031375,Thin body habitus,Refractory,Name Mismatch,True,Thin body habitus,1,sim2,False,Check Mapping,False,,
HP:0031374,Thin body habitus,Ankle weakness,Name Mismatch,True,Thin body habitus,1,sim2,False,Check Mapping,False,,
HP:0031965,Increased RBC distribution width,Increased RBC distribution width,Exact Match,True,Increased RBC distribution width,1,sim2,True,None,True,,
HP:0031374,Slender habitus,Ankle weakness,Name Mismatch,True,Slender habitus,1,sim2,False,Check Mapping,False,,
HP:0031083,Slender habitus,Abnormal response to human chorionic gonadotrophin stimulation test,Name Mismatch,True,Slender habitus,1,sim2,False,Check Mapping,False,,
HP:0031089,Thin body habitus,Palatal edema,Name Mismatch,True,Thin body habitus,1,sim2,False,Check Mapping,False,,
HP:0031102,Slender build,Increased circulating antimullerian hormone concentration,Name Mismatch,True,Slender build,1,sim2,False,Check Mapping,False,,
HP:0031102,Slender habitus,Increased circulating antimullerian hormone concentration,Name Mismatch,True,Slender habitus,1,sim2,False,Check Mapping,False,,
HP:0031103,Slender habitus,Decreased circulating antimullerian hormone circulation,Name Mismatch,True,Slender habitus,1,sim2,False,Check Mapping,False,,
HP:0031106,Slender habitus,T-shaped uterus,Name Mismatch,True,Slender habitus,1,sim2,False,Check Mapping,False,,
HP:0031109,Thin habitus,Agalactia,Name Mismatch,True,Thin habitus,1,sim2,False,Check Mapping,False,,
HP:0031161,Thin body habitus,Reduced brain glutamate level by MRS,Name Mismatch,True,Thin body habitus,1,sim2,False,Check Mapping,False,,
HP:0031162,Increased arm span to height ratio,Impaired oropharyngeal swallow response,Name Mismatch,True,Increased arm span to height ratio,1,sim2,False,Check Mapping,False,,
HP:0031162,Thin body habitus,Impaired oropharyngeal swallow response,Name Mismatch,True,Thin body habitus,1,sim2,False,Check Mapping,False,,
HP:0031247,Thin body habitus,Whooping cough,Name Mismatch,True,Thin body habitus,1,sim2,False,Check Mapping,False,,
HP:0031282,Positive Steinberg wrist sign,Malalignment of the great toenail,Name Mismatch,True,Positive Steinberg wrist sign,1,sim2,False,Check Mapping,False,,
HP:0031283,Positive Walker-Murdoch thumb sign,Tufted hairs,Name Mismatch,True,Positive Walker-Murdoch thumb sign,1,sim2,False,Check Mapping,False,,
HP:0031361,Positive Steinberg thumb sign,Zebra bodies,Name Mismatch,True,Positive Steinberg thumb sign,1,sim2,False,Check Mapping,False,,
HP:0031361,Positive thumb sign,Zebra bodies,Name Mismatch,True,Positive thumb sign,1,sim2,False,Check Mapping,False,,
HP:0031362,Increased arm span to height ratio,obsolete Sex-limited autosomal recessive inheritance,Name Mismatch,True,Increased arm span to height ratio,1,sim2,False,Check Mapping,False,,
HP:0031362,Positive Walker-Murdoch wrist sign,obsolete Sex-limited autosomal recessive inheritance,Name Mismatch,True,Positive Walker-Murdoch wrist sign,1,sim2,False,Check Mapping,False,,
HP:0031362,Positive wrist sign,obsolete Sex-limited autosomal recessive inheritance,Name Mismatch,True,Positive wrist sign,1,sim2,False,Check Mapping,False,,
HP:0031372,Thin body habitus,Cold paresis,Name Mismatch,True,Thin body habitus,1,sim2,False,Check Mapping,False,,
HP:0031952,Exertional chest pain,Neurogenic claudication,Name Mismatch,True,Exertional chest pain,1,sim2,False,Check Mapping,False,,
HP:0032087,Holosystolic murmur,Aortic laminar medial collapse,Name Mismatch,True,Holosystolic murmur,1,sim2,False,Check Mapping,False,,
HP:0030982,Slender habitus,,Invalid ID,False,Slender habitus,1,sim2,False,Invalid ID,False,,
HP:0033715,Holosystolic murmur,Hippocampal sclerosis,Name Mismatch,True,Holosystolic murmur,1,sim2,False,Check Mapping,False,,
HP:0040006,Rapid growth,Mortality/Aging,Name Mismatch,True,Rapid growth,1,sim2,False,Check Mapping,False,,
HP:0045082,Decreased body mass index,Decreased body mass index,Exact Match,True,Decreased body mass index,1,sim2,True,None,True,,
HP:0100259,Positive thumb sign,Postaxial polydactyly,Name Mismatch,True,Positive thumb sign,1,sim2,False,Check Mapping,False,,
HP:0100598,Chest pain,Pulmonary edema,Name Mismatch,True,Chest pain,1,sim2,False,Check Mapping,False,,
HP:0100650,Increased arm/height ratio,Vaginal neoplasm,Name Mismatch,True,Increased arm/height ratio,1,sim2,False,Check Mapping,False,,
HP:0100730,Positive thumb sign,Bronchogenic cyst,Name Mismatch,True,Positive thumb sign,1,sim2,False,Check Mapping,False,,
HP:0100731,Positive thumb sign,Transverse facial cleft,Name Mismatch,True,Positive thumb sign,1,sim2,False,Check Mapping,False,,
HP:0100731,Positive thumb sign (from assessment) - Direct,Transverse facial cleft,Name Mismatch,True,Positive thumb sign - Direct,1,sim2,False,Check Mapping,False,,
HP:0100731,Positive wrist sign,Transverse facial cleft,Name Mismatch,True,Positive wrist sign,1,sim2,False,Check Mapping,False,,
HP:0100732,Positive thumb sign,Pancreatic fibrosis,Name Mismatch,True,Positive thumb sign,1,sim2,False,Check Mapping,False,,
HP:0100732,Positive wrist sign,Pancreatic fibrosis,Name Mismatch,True,Positive wrist sign,1,sim2,False,Check Mapping,False,,
HP:0100732,Positive wrist sign (from assessment) - Direct,Pancreatic fibrosis,Name Mismatch,True,Positive wrist sign - Direct,1,sim2,False,Check Mapping,False,,
HP:0100749,"Chest pain - DIRECT (""intermittent exertional chest discomfort"")",Chest pain,Name Mismatch,True,Chest pain - DIRECT,1,sim2,False,Check Mapping,False,,
HP:0100749,Chest pain on exertion,Chest pain,Name Mismatch,True,Chest pain on exertion,1,sim2,False,Check Mapping,False,,
HP:0100755,Pectus deformity,Abnormality of salivation,Name Mismatch,True,Pectus deformity,1,sim2,False,Check Mapping,False,,
HP:0100762,Exertional chest pain,Hemobilia,Name Mismatch,True,Exertional chest pain,1,sim2,False,Check Mapping,False,,
HP:0100780,Increased arm span,Conjunctival hamartoma,Name Mismatch,True,Increased arm span,1,sim2,False,Check Mapping,False,,
HP:0100807,Long fingers,Long fingers,Exact Match,True,Long fingers,1,sim2,True,None,True,,
HP:0100859,Thin body habitus,Dilatation of superior mesenteric artery,Name Mismatch,True,Thin body habitus,1,sim2,False,Check Mapping,False,,
HP:0034401,Wrist sign positive,Atypical teratoid/rhabdoid tumor,Name Mismatch,True,Wrist sign positive,1,sim2,False,Check Mapping,False,,
HP:0033481,Abnormal sternum morphology,Limited lateral neck flexion,Name Mismatch,True,Abnormal sternum morphology,1,sim2,False,Check Mapping,False,,
HP:0032095,Holosystolic murmur,,Invalid ID,False,Holosystolic murmur,1,sim2,False,Invalid ID,False,,
HP:0033128,Positive Walker-Murdoch thumb sign,Delayed ability to crawl,Name Mismatch,True,Positive Walker-Murdoch thumb sign,1,sim2,False,Check Mapping,False,,
HP:0032117,Normocytic anemia,obsolete Macrosaccadic oscillation,Name Mismatch,True,Normocytic anemia,1,sim2,False,Check Mapping,False,,
HP:0032118,Normocytic anemia,Retinitis,Name Mismatch,True,Normocytic anemia,1,sim2,False,Check Mapping,False,,
HP:0032337,Exertional chest pain,Monoclonal elevated circulating IgE concentration,Name Mismatch,True,Exertional chest pain,1,sim2,False,Check Mapping,False,,
HP:0032338,Holosystolic murmur,Oligoclonal elevated circulating IgE concentration,Name Mismatch,True,Holosystolic murmur,1,sim2,False,Check Mapping,False,,
HP:0032371,Holosystolic murmur,Isoleucinuria,Name Mismatch,True,Holosystolic murmur,1,sim2,False,Check Mapping,False,,
HP:0032386,Increased red cell distribution width,Elevated circulating transferrin concentration,Name Mismatch,True,Increased red cell distribution width,1,sim2,False,Check Mapping,False,,
HP:0032394,Holosystolic murmur,Mesial parasagittal subcortical heterotopia,Name Mismatch,True,Holosystolic murmur,1,sim2,False,Check Mapping,False,,
HP:0032572,Thin body habitus,Abnormal urinary nucleobase concentration,Name Mismatch,True,Thin body habitus,1,sim2,False,Check Mapping,False,,
HP:0032577,Thin body habitus,Clonal T cell receptor rearrangement,Name Mismatch,True,Thin body habitus,1,sim2,False,Check Mapping,False,,
HP:0032577,Thin habitus,Clonal T cell receptor rearrangement,Name Mismatch,True,Thin habitus,1,sim2,False,Check Mapping,False,,
HP:0032578,Slender habitus,Third ventricle colloid cyst,Name Mismatch,True,Slender habitus,1,sim2,False,Check Mapping,False,,
HP:0032578,Thin body habitus,Third ventricle colloid cyst,Name Mismatch,True,Thin body habitus,1,sim2,False,Check Mapping,False,,
HP:0033047,Chest pain,Body ache,Name Mismatch,True,Chest pain,1,sim2,False,Check Mapping,False,,
HP:0033082,Positive thumb sign,Reduced TSH response to thyrotrophin-releasing hormone stimulation test,Name Mismatch,True,Positive thumb sign,1,sim2,False,Check Mapping,False,,
HP:0033083,Positive wrist sign,Increased circulating farnesol concentration,Name Mismatch,True,Positive wrist sign,1,sim2,False,Check Mapping,False,,
HP:0033084,Exertional chest pain,Abnormal antral follicle count,Name Mismatch,True,Exertional chest pain,1,sim2,False,Check Mapping,False,,
HP:0033127,Increased arm span,Abnormality of the musculoskeletal system,Name Mismatch,True,Increased arm span,1,sim2,False,Check Mapping,False,,
HP:0033127,Increased arm span to height ratio,Abnormality of the musculoskeletal system,Name Mismatch,True,Increased arm span to height ratio,1,sim2,False,Check Mapping,False,,
HP:0033127,Positive Steinberg wrist sign,Abnormality of the musculoskeletal system,Name Mismatch,True,Positive Steinberg wrist sign,1,sim2,False,Check Mapping,False,,
HP:0031080,Slender habitus,Abnormal response to glucagon stimulation test,Name Mismatch,True,Slender habitus,1,sim2,False,Check Mapping,False,,
HP:0030980,Thin habitus,Reduced brain glutamine level by MRS,Name Mismatch,True,Thin habitus,1,sim2,False,Check Mapping,False,,
HP:0010524,Positive thumb sign,Disturbed sensory perception,Name Mismatch,True,Positive thumb sign,1,sim2,False,Check Mapping,False,,
HP:0011206,Thin body habitus,EEG with generalized slow activity grade 1,Name Mismatch,True,Thin body habitus,1,sim2,False,Check Mapping,False,,
HP:0011273,Anisocytosis - INFERRED (high RDW),Anisocytosis,Name Mismatch,True,Anisocytosis - INFERRED,1,sim2,False,Check Mapping,False,,
HP:0011305,Thumb sign positive,Partial absence of toe,Name Mismatch,True,Thumb sign positive,1,sim2,False,Check Mapping,False,,
HP:0011310,Systolic heart murmur,Bridged palmar crease,Name Mismatch,True,Systolic heart murmur,1,sim2,False,Check Mapping,False,,
HP:0011407,Proportionate tall stature,Proportionate tall stature,Exact Match,True,Proportionate tall stature,1,sim2,True,None,True,,
HP:0011675,Heart murmur,Arrhythmia,Name Mismatch,True,Heart murmur,1,sim2,False,Check Mapping,False,,
HP:0011675,Holosystolic murmur,Arrhythmia,Name Mismatch,True,Holosystolic murmur,1,sim2,False,Check Mapping,False,,
HP:0011755,Growth acceleration,Ectopic posterior pituitary,Name Mismatch,True,Growth acceleration,1,sim2,False,Check Mapping,False,,
HP:0011800,Depressed nasal bridge,Midface retrusion,Name Mismatch,True,Depressed nasal bridge,1,sim2,False,Check Mapping,False,,
HP:0011883,Anisocytosis,Abnormal platelet granules,Name Mismatch,True,Anisocytosis,1,sim2,False,Check Mapping,False,,
HP:0012072,Normocytic anemia,Aciduria,Name Mismatch,True,Normocytic anemia,1,sim2,False,Check Mapping,False,,
HP:0012088,Normocytic anemia,Abnormal urinary odor,Name Mismatch,True,Normocytic anemia,1,sim2,False,Check Mapping,False,,
HP:0012136,Increased red cell distribution width,Dysplastic granulopoesis,Name Mismatch,True,Increased red cell distribution width,1,sim2,False,Check Mapping,False,,
HP:0012228,Holosystolic murmur,Tension-type headache,Name Mismatch,True,Holosystolic murmur,1,sim2,False,Check Mapping,False,,
HP:0012356,Increased red cell distribution width,Decreased mannosylation of N-linked protein glycosylation,Name Mismatch,True,Increased red cell distribution width,1,sim2,False,Check Mapping,False,,
HP:0012418,Exertional chest pain,Hypoxemia,Name Mismatch,True,Exertional chest pain,1,sim2,False,Check Mapping,False,,
HP:0012419,Increased red cell distribution width,Hyperoxemia,Name Mismatch,True,Increased red cell distribution width,1,sim2,False,Check Mapping,False,,
HP:0012451,Positive thumb sign,Acute constipation,Name Mismatch,True,Positive thumb sign,1,sim2,False,Check Mapping,False,,
HP:0012451,Positive wrist sign (Walker-Murdoch sign),Acute constipation,Name Mismatch,True,Positive wrist sign,1,sim2,False,Check Mapping,False,,
HP:0012452,Positive wrist sign,Restless legs,Name Mismatch,True,Positive wrist sign,1,sim2,False,Check Mapping,False,,
HP:0002829,"Arthralgia - DIRECT (""occasional joint pain"")",Arthralgia,Name Mismatch,True,Arthralgia - DIRECT,1,sim2,False,Check Mapping,False,,
HP:0011048,Systolic heart murmur,Agenesis of permanent mandibular central incisor,Name Mismatch,True,Systolic heart murmur,1,sim2,False,Check Mapping,False,,
HP:0025066,Anisocytosis,Decreased mean corpuscular volume,Name Mismatch,True,Anisocytosis,1,sim2,False,Check Mapping,False,,
HP:0011043,Systolic heart murmur,Abnormal circulating adrenocorticotropin concentration,Name Mismatch,True,Systolic heart murmur,1,sim2,False,Check Mapping,False,,
HP:0010530,Positive thumb sign,Palatal tremor,Name Mismatch,True,Positive thumb sign,1,sim2,False,Check Mapping,False,,
HP:0010530,Positive thumb sign (Steinberg sign) - DIRECT (stated in assessment),Palatal tremor,Name Mismatch,True,Positive thumb sign - DIRECT,1,sim2,False,Check Mapping,False,,
HP:0010531,Positive wrist sign,Spinal myoclonus,Name Mismatch,True,Positive wrist sign,1,sim2,False,Check Mapping,False,,
HP:0010532,Positive thumb sign,Paroxysmal vertigo,Name Mismatch,True,Positive thumb sign,1,sim2,False,Check Mapping,False,,
HP:0010533,Steinberg sign,Spasmus nutans,Name Mismatch,True,Steinberg sign,1,sim2,False,Check Mapping,False,,
HP:0010534,Walker-Murdoch sign,Transient global amnesia,Name Mismatch,True,Walker-Murdoch sign,1,sim2,False,Check Mapping,False,,
HP:0010627,Arthralgia,Anterior pituitary hypoplasia,Name Mismatch,True,Arthralgia,1,sim2,False,Check Mapping,False,,
HP:0010749,Chest pain,Blepharochalasis,Name Mismatch,True,Chest pain,1,sim2,False,Check Mapping,False,,
HP:0010775,Dolichostenomelia,Vascular ring,Name Mismatch,True,Dolichostenomelia,1,sim2,False,Check Mapping,False,,
HP:0010931,Holosystolic murmur,Abnormal blood sodium concentration,Name Mismatch,True,Holosystolic murmur,1,sim2,False,Check Mapping,False,,
HP:0010937,Holosystolic murmur,Abnormal nasal skeleton morphology,Name Mismatch,True,Holosystolic murmur,1,sim2,False,Check Mapping,False,,
HP:0010976,Positive wrist sign,Decreased total B cell count,Name Mismatch,True,Positive wrist sign,1,sim2,False,Check Mapping,False,,
HP:0010977,Positive thumb sign,Abnormal phagocytosis,Name Mismatch,True,Positive thumb sign,1,sim2,False,Check Mapping,False,,
HP:0010978,Increased arm span,Abnormality of immune system physiology,Name Mismatch,True,Increased arm span,1,sim2,False,Check Mapping,False,,
HP:0010978,Increased arm span to height ratio,Abnormality of immune system physiology,Name Mismatch,True,Increased arm span to height ratio,1,sim2,False,Check Mapping,False,,
HP:0010978,Increased arm span-to-height ratio,Abnormality of immune system physiology,Name Mismatch,True,Increased arm span-to-height ratio,1,sim2,False,Check Mapping,False,,
HP:0010979,Increased arm span,Abnormality of lipoprotein cholesterol concentration,Name Mismatch,True,Increased arm span,1,sim2,False,Check Mapping,False,,
HP:0011001,Systolic heart murmur,Increased bone mineral density,Name Mismatch,True,Systolic heart murmur,1,sim2,False,Check Mapping,False,,
HP:0011004,Abnormal systolic murmur,Abnormal systemic arterial morphology,Name Mismatch,True,Abnormal systolic murmur,1,sim2,False,Check Mapping,False,,
HP:0012461,Positive wrist sign,Bacteriuria,Name Mismatch,True,Positive wrist sign,1,sim2,False,Check Mapping,False,,
HP:0025066,Increased red cell distribution width,Decreased mean corpuscular volume,Name Mismatch,True,Increased red cell distribution width,1,sim2,False,Check Mapping,False,,
HP:0030980,Slender habitus,Reduced brain glutamine level by MRS,Name Mismatch,True,Slender habitus,1,sim2,False,Check Mapping,False,,
HP:0030822,Exertional chest pain,Hooded upper eyelid,Name Mismatch,True,Exertional chest pain,1,sim2,False,Check Mapping,False,,
HP:0030828,Exertional chest pain,Wheezing,Name Mismatch,True,Exertional chest pain,1,sim2,False,Check Mapping,False,,
HP:0030829,Chest pain,Abnormal breath sound,Name Mismatch,True,Chest pain,1,sim2,False,Check Mapping,False,,
HP:0030829,"Chest pain (from ""intermittent exertional chest discomfort"") - Direct",Abnormal breath sound,Name Mismatch,True,Chest pain - Direct,1,sim2,False,Check Mapping,False,,
HP:0030829,Exertional chest pain,Abnormal breath sound,Name Mismatch,True,Exertional chest pain,1,sim2,False,Check Mapping,False,,
HP:0030831,Chest pain,Rhonchi,Name Mismatch,True,Chest pain,1,sim2,False,Check Mapping,False,,
HP:0030832,Chest pain,Vitreous strands,Name Mismatch,True,Chest pain,1,sim2,False,Check Mapping,False,,
HP:0030832,Pectus deformity,Vitreous strands,Name Mismatch,True,Pectus deformity,1,sim2,False,Check Mapping,False,,
HP:0030833,Chest pain,Neck pain,Name Mismatch,True,Chest pain,1,sim2,False,Check Mapping,False,,
HP:0030833,Exertional chest pain,Neck pain,Name Mismatch,True,Exertional chest pain,1,sim2,False,Check Mapping,False,,
HP:0030836,Chest pain,Wrist pain,Name Mismatch,True,Chest pain,1,sim2,False,Check Mapping,False,,
HP:0030837,Exertional chest pain,Finger pain,Name Mismatch,True,Exertional chest pain,1,sim2,False,Check Mapping,False,,
HP:0030922,Chest pain,5-minute APGAR score of 2,Name Mismatch,True,Chest pain,1,sim2,False,Check Mapping,False,,
HP:0030952,Positive wrist sign,Birdshot retinochoroidopathy,Name Mismatch,True,Positive wrist sign,1,sim2,False,Check Mapping,False,,
HP:0030960,Slender habitus,obsolete Abnormal pupillary morphology,Name Mismatch,True,Slender habitus,1,sim2,False,Check Mapping,False,,
HP:0030961,Positive thumb sign,Microspherophakia,Name Mismatch,True,Positive thumb sign,1,sim2,False,Check Mapping,False,,
HP:0030962,Positive thumb sign,Abnormal morphology of the great vessels,Name Mismatch,True,Positive thumb sign,1,sim2,False,Check Mapping,False,,
HP:0030962,Thin body habitus,Abnormal morphology of the great vessels,Name Mismatch,True,Thin body habitus,1,sim2,False,Check Mapping,False,,
HP:0030964,Slender habitus,Abnormal aortic physiology,Name Mismatch,True,Slender habitus,1,sim2,False,Check Mapping,False,,
HP:0030972,Holosystolic murmur,Abnormal systemic blood pressure,Name Mismatch,True,Holosystolic murmur,1,sim2,False,Check Mapping,False,,
HP:0030825,Exertional chest pain,Absent foveal reflex,Name Mismatch,True,Exertional chest pain,1,sim2,False,Check Mapping,False,,
HP:0030797,Positive thumb sign,Reduced volume of central subdivision of bed nucleus of stria terminalis,Name Mismatch,True,Positive thumb sign,1,sim2,False,Check Mapping,False,,
HP:0025421,Increased red cell distribution width,Pneumomediastinum,Name Mismatch,True,Increased red cell distribution width,1,sim2,False,Check Mapping,False,,
HP:0030796,Positive wrist sign,Increased C-peptide level,Name Mismatch,True,Positive wrist sign,1,sim2,False,Check Mapping,False,,
HP:0025476,Arm span exceeds height,Testicular lipomatosis,Name Mismatch,True,Arm span exceeds height,1,sim2,False,Check Mapping,False,,
HP:0025507,Increased arm span,Yellow papule,Name Mismatch,True,Increased arm span,1,sim2,False,Check Mapping,False,,
HP:0030074,Arm span greater than height,Chemodectoma,Name Mismatch,True,Arm span greater than height,1,sim2,False,Check Mapping,False,,
HP:0030084,Arachnodactyly,Clinodactyly,Name Mismatch,True,Arachnodactyly,1,sim2,False,Check Mapping,False,,
HP:0030084,Slender habitus,Clinodactyly,Name Mismatch,True,Slender habitus,1,sim2,False,Check Mapping,False,,
HP:0030084,Thin body habitus,Clinodactyly,Name Mismatch,True,Thin body habitus,1,sim2,False,Check Mapping,False,,
HP:0030085,Slender habitus,Abnormal CSF lactate concentration,Name Mismatch,True,Slender habitus,1,sim2,False,Check Mapping,False,,
HP:0030141,Pansystolic heart murmur,Abnormality of the posterior hairline,Name Mismatch,True,Pansystolic heart murmur,1,sim2,False,Check Mapping,False,,
HP:0030147,Holosystolic murmur,Truncal titubation,Name Mismatch,True,Holosystolic murmur,1,sim2,False,Check Mapping,False,,
HP:0030148,Systolic heart murmur,Heart murmur,Name Mismatch,True,Systolic heart murmur,1,sim2,False,Check Mapping,False,,
HP:0030149,Systolic heart murmur,Cardiogenic shock,Name Mismatch,True,Systolic heart murmur,1,sim2,False,Check Mapping,False,,
HP:0030189,Normocytic anemia,,Invalid ID,False,Normocytic anemia,1,sim2,False,Invalid ID,False,,
HP:0030317,Slender habitus,,Invalid ID,False,Slender habitus,1,sim2,False,Invalid ID,False,,
HP:0030680,Abnormal systolic heart sound,Abnormal cardiovascular system morphology,Name Mismatch,True,Abnormal systolic heart sound,1,sim2,False,Check Mapping,False,,
HP:0030680,Heart murmur,Abnormal cardiovascular system morphology,Name Mismatch,True,Heart murmur,1,sim2,False,Check Mapping,False,,
HP:0030680,Holosystolic murmur,Abnormal cardiovascular system morphology,Name Mismatch,True,Holosystolic murmur,1,sim2,False,Check Mapping,False,,
HP:0030680,Systolic heart murmur,Abnormal cardiovascular system morphology,Name Mismatch,True,Systolic heart murmur,1,sim2,False,Check Mapping,False,,
HP:0030680,Systolic murmur,Abnormal cardiovascular system morphology,Name Mismatch,True,Systolic murmur,1,sim2,False,Check Mapping,False,,
HP:0030682,Holosystolic murmur,Left ventricular noncompaction,Name Mismatch,True,Holosystolic murmur,1,sim2,False,Check Mapping,False,,
HP:0002877,Chest pain,Nocturnal hypoventilation,Name Mismatch,True,Chest pain,1,sim2,False,Check Mapping,False,,
HP:0000001,Phenotype not found,All,Name Mismatch,True,Phenotype not found,1,sim2,False,Check Mapping,False,,
HP:0002829,"Arthralgia (from ""occasional joint pain"") - Direct",Arthralgia,Name Mismatch,True,Arthralgia - Direct,1,sim2,False,Check Mapping,False,,
HP:0001127,Tall stature,,Invalid ID,False,Tall stature,1,sim2,False,Invalid ID,False,,
HP:0000893,Fracture of the clavicle,Bulging of the costochondral junction,Name Mismatch,True,Fracture of the clavicle,1,sim2,False,Check Mapping,False,,
HP:0000900,Clavicular fracture,Thickened ribs,Name Mismatch,True,Clavicular fracture,1,sim2,False,Check Mapping,False,,
HP:0000913,Fracture of the clavicle,Posterior rib fusion,Name Mismatch,True,Fracture of the clavicle,1,sim2,False,Check Mapping,False,,
HP:0000914,Pectus deformity,Shield chest,Name Mismatch,True,Pectus deformity,1,sim2,False,Check Mapping,False,,
HP:0000922,Fracture of the clavicle,Posterior rib cupping,Name Mismatch,True,Fracture of the clavicle,1,sim2,False,Check Mapping,False,,
HP:0000959,Long fingers,,Invalid ID,False,Long fingers,1,sim2,False,Invalid ID,False,,
HP:0001067,Increased arm span,Neurofibroma,Name Mismatch,True,Increased arm span,1,sim2,False,Check Mapping,False,,
HP:0001120,Progressive myopia,Abnormality of corneal size,Name Mismatch,True,Progressive myopia,1,sim2,False,Check Mapping,False,,
HP:0001141,Progressive myopia,Severely reduced visual acuity,Name Mismatch,True,Progressive myopia,1,sim2,False,Check Mapping,False,,
HP:0000889,Abnormally rapid growth,Abnormal clavicle morphology,Name Mismatch,True,Abnormally rapid growth,1,sim2,False,Check Mapping,False,,
HP:0001147,Progressive myopia,Retinal exudate,Name Mismatch,True,Progressive myopia,1,sim2,False,Check Mapping,False,,
HP:0001150,Dolichostenomelia,obsolete Choroidal sclerosis,Name Mismatch,True,Dolichostenomelia,1,sim2,False,Check Mapping,False,,
HP:0001155,Arachnodactyly,Abnormality of the hand,Name Mismatch,True,Arachnodactyly,1,sim2,False,Check Mapping,False,,
HP:0001156,Arachnodactyly,Brachydactyly,Name Mismatch,True,Arachnodactyly,1,sim2,False,Check Mapping,False,,
HP:0001163,Long fingers,obsolete Abnormality of the metacarpal bones,Name Mismatch,True,Long fingers,1,sim2,False,Check Mapping,False,,
HP:0001166,"Arachnodactyly (from ""long fingers"", ""arachnodactyly of hand and feet"") - Direct",Arachnodactyly,Name Mismatch,True,Arachnodactyly - Direct,1,sim2,False,Check Mapping,False,,
HP:0001166,"Arachnodactyly - DIRECT (""abnormally long fingers"", ""arachnodactyly"")",Arachnodactyly,Name Mismatch,True,Arachnodactyly - DIRECT,1,sim2,False,Check Mapping,False,,
HP:0001167,Dolichostenomelia,Abnormal finger morphology,Name Mismatch,True,Dolichostenomelia,1,sim2,False,Check Mapping,False,,
HP:0000892,Clavicular fracture,Bifid ribs,Name Mismatch,True,Clavicular fracture,1,sim2,False,Check Mapping,False,,
HP:0000876,Accelerated growth,Oligomenorrhea,Name Mismatch,True,Accelerated growth,1,sim2,False,Check Mapping,False,,
HP:0001167,Increased arm-span-to-height ratio - DIRECT (stated in assessment),Abnormal finger morphology,Name Mismatch,True,Increased arm-span-to-height ratio - DIRECT,1,sim2,False,Check Mapping,False,,
HP:0000766,"Abnormal sternum morphology - DIRECT (""pectus deformity"" in assessment)",Abnormal sternum morphology,Name Mismatch,True,Abnormal sternum morphology - DIRECT,1,sim2,False,Check Mapping,False,,
HP:0000595,Deep-set eyes,,Invalid ID,False,Deep-set eyes,1,sim2,False,Invalid ID,False,,
HP:0000599,Deep-set eyes,Abnormality of the frontal hairline,Name Mismatch,True,Deep-set eyes,1,sim2,False,Check Mapping,False,,
HP:0000761,Pectus excavatum,,Invalid ID,False,Pectus excavatum,1,sim2,False,Invalid ID,False,,
HP:0000762,Abnormality of the chest wall,Decreased nerve conduction velocity,Name Mismatch,True,Abnormality of the chest wall,1,sim2,False,Check Mapping,False,,
HP:0000764,Scoliosis,Peripheral axonal degeneration,Name Mismatch,True,Scoliosis,1,sim2,False,Check Mapping,False,,
HP:0000765,Abnormality of the chest wall,Abnormal thorax morphology,Name Mismatch,True,Abnormality of the chest wall,1,sim2,False,Check Mapping,False,,
HP:0000766,"Abnormal sternum morphology (from ""pectus deformity"" in assessment) - Direct",Abnormal sternum morphology,Name Mismatch,True,Abnormal sternum morphology - Direct,1,sim2,False,Check Mapping,False,,
HP:0000766,Abnormal sternum morphology (pectus deformity),Abnormal sternum morphology,Exact Match,True,Abnormal sternum morphology,1,sim2,True,None,True,,
HP:0000766,Abnormality of the anterior chest wall,Abnormal sternum morphology,Name Mismatch,True,Abnormality of the anterior chest wall,1,sim2,False,Check Mapping,False,,
HP:0000821,Hypothyroidism,Hypothyroidism,Exact Match,True,Hypothyroidism,1,sim2,True,None,True,,
HP:0000766,Abnormality of the chest wall,Abnormal sternum morphology,Name Mismatch,True,Abnormality of the chest wall,1,sim2,False,Check Mapping,False,,
HP:0000766,Abnormality of the thorax,Abnormal sternum morphology,Name Mismatch,True,Abnormality of the thorax,1,sim2,False,Check Mapping,False,,
HP:0000766,Pectus deformity of the chest,Abnormal sternum morphology,Name Mismatch,True,Pectus deformity of the chest,1,sim2,False,Check Mapping,False,,
HP:0000769,Pectus deformity,Abnormality of the breast,Name Mismatch,True,Pectus deformity,1,sim2,False,Check Mapping,False,,
HP:0000769,Pectus deformity of the chest,Abnormality of the breast,Name Mismatch,True,Pectus deformity of the chest,1,sim2,False,Check Mapping,False,,
HP:0000778,Thumb sign positive,Hypoplasia of the thymus,Name Mismatch,True,Thumb sign positive,1,sim2,False,Check Mapping,False,,
HP:0000779,Chest pain,,Invalid ID,False,Chest pain,1,sim2,False,Invalid ID,False,,
HP:0000779,Wrist sign positive,,Invalid ID,False,Wrist sign positive,1,sim2,False,Invalid ID,False,,
HP:0001167,Increased arm span,Abnormal finger morphology,Name Mismatch,True,Increased arm span,1,sim2,False,Check Mapping,False,,
HP:0001168,Increased arm span,,Invalid ID,False,Increased arm span,1,sim2,False,Invalid ID,False,,
HP:0001236,Arachnodactyly,,Invalid ID,False,Arachnodactyly,1,sim2,False,Invalid ID,False,,
HP:0001211,Wrist sign,Abnormal fingertip morphology,Name Mismatch,True,Wrist sign,1,sim2,False,Check Mapping,False,,
HP:0001193,Positive thumb sign,Ulnar deviation of the hand or of fingers of the hand,Name Mismatch,True,Positive thumb sign,1,sim2,False,Check Mapping,False,,
HP:0001196,Arachnodactyly,Short umbilical cord,Name Mismatch,True,Arachnodactyly,1,sim2,False,Check Mapping,False,,
HP:0001197,Thumb sign,Abnormality of prenatal development or birth,Name Mismatch,True,Thumb sign,1,sim2,False,Check Mapping,False,,
HP:0001198,Positive thumb sign,,Invalid ID,False,Positive thumb sign,1,sim2,False,Invalid ID,False,,
HP:0001199,Arachnodactyly,Triphalangeal thumb,Name Mismatch,True,Arachnodactyly,1,sim2,False,Check Mapping,False,,
HP:0001199,Positive thumb sign (Steinberg sign),Triphalangeal thumb,Name Mismatch,True,Positive thumb sign,1,sim2,False,Check Mapping,False,,
HP:0001199,Positive wrist sign,Triphalangeal thumb,Name Mismatch,True,Positive wrist sign,1,sim2,False,Check Mapping,False,,
HP:0001211,Positive wrist sign,Abnormal fingertip morphology,Name Mismatch,True,Positive wrist sign,1,sim2,False,Check Mapping,False,,
HP:0001212,Positive thumb sign,Prominent fingertip pads,Name Mismatch,True,Positive thumb sign,1,sim2,False,Check Mapping,False,,
HP:0001192,Positive wrist sign,,Invalid ID,False,Positive wrist sign,1,sim2,False,Invalid ID,False,,
HP:0001213,Positive thumb sign,,Invalid ID,False,Positive thumb sign,1,sim2,False,Invalid ID,False,,
HP:0001216,Positive thumb sign,Delayed ossification of carpal bones,Name Mismatch,True,Positive thumb sign,1,sim2,False,Check Mapping,False,,
HP:0001217,Dolichostenomelia,Clubbing,Name Mismatch,True,Dolichostenomelia,1,sim2,False,Check Mapping,False,,
HP:0001217,Positive thumb sign,Clubbing,Name Mismatch,True,Positive thumb sign,1,sim2,False,Check Mapping,False,,
HP:0001217,Positive wrist sign,Clubbing,Name Mismatch,True,Positive wrist sign,1,sim2,False,Check Mapping,False,,
HP:0001217,Tarsal arachnodactyly,Clubbing,Name Mismatch,True,Tarsal arachnodactyly,1,sim2,False,Check Mapping,False,,
HP:0001222,Positive wrist sign,Spatulate thumbs,Name Mismatch,True,Positive wrist sign,1,sim2,False,Check Mapping,False,,
HP:0001229,Positive wrist sign,,Invalid ID,False,Positive wrist sign,1,sim2,False,Invalid ID,False,,
HP:0001193,Arachnodactyly,Ulnar deviation of the hand or of fingers of the hand,Name Mismatch,True,Arachnodactyly,1,sim2,False,Check Mapping,False,,
HP:0001188,Positive wrist sign,Hand clenching,Name Mismatch,True,Positive wrist sign,1,sim2,False,Check Mapping,False,,
HP:0001169,Arachnodactyly,Broad palm,Name Mismatch,True,Arachnodactyly,1,sim2,False,Check Mapping,False,,
HP:0001181,Increased arm span,Adducted thumb,Name Mismatch,True,Increased arm span,1,sim2,False,Check Mapping,False,,
HP:0001170,Increased arm span-to-height ratio,,Invalid ID,False,Increased arm span-to-height ratio,1,sim2,False,Invalid ID,False,,
HP:0001174,Increased arm span,,Invalid ID,False,Increased arm span,1,sim2,False,Invalid ID,False,,
HP:0001174,Positive wrist sign (Walker-Murdoch sign),,Invalid ID,False,Positive wrist sign,1,sim2,False,Invalid ID,False,,
HP:0001175,Dolichostenomelia,,Invalid ID,False,Dolichostenomelia,1,sim2,False,Invalid ID,False,,
HP:0001176,Dolichostenomelia,Large hands,Name Mismatch,True,Dolichostenomelia,1,sim2,False,Check Mapping,False,,
HP:0001176,"Dolichostenomelia (from ""increased arm-span-to-height ratio"") - Direct (This is the clinical term for the description).",Large hands,Name Mismatch,True,Dolichostenomelia - Direct.,1,sim2,False,Check Mapping,False,,
HP:0001176,Increased arm span,Large hands,Name Mismatch,True,Increased arm span,1,sim2,False,Check Mapping,False,,
HP:0001180,Positive wrist sign,obsolete Hand oligodactyly,Name Mismatch,True,Positive wrist sign,1,sim2,False,Check Mapping,False,,
HP:0001182,Positive thumb sign,Tapered finger,Name Mismatch,True,Positive thumb sign,1,sim2,False,Check Mapping,False,,
HP:0001187,Positive thumb sign,Hyperextensibility of the finger joints,Name Mismatch,True,Positive thumb sign,1,sim2,False,Check Mapping,False,,
HP:0001183,Increased arm span,,Invalid ID,False,Increased arm span,1,sim2,False,Invalid ID,False,,
HP:0001183,Positive Steinberg sign,,Invalid ID,False,Positive Steinberg sign,1,sim2,False,Invalid ID,False,,
HP:0001183,Positive thumb sign,,Invalid ID,False,Positive thumb sign,1,sim2,False,Invalid ID,False,,
HP:0001183,Positive wrist sign (Walker-Murdoch sign),,Invalid ID,False,Positive wrist sign,1,sim2,False,Invalid ID,False,,
HP:0001183,Positive wrist sign - DIRECT (stated in assessment),,Invalid ID,False,Positive wrist sign - DIRECT,1,sim2,False,Invalid ID,False,,
HP:0001184,Positive thumb sign,,Invalid ID,False,Positive thumb sign,1,sim2,False,Invalid ID,False,,
HP:0001186,Positive wrist sign,,Invalid ID,False,Positive wrist sign,1,sim2,False,Invalid ID,False,,
HP:0001186,Positive wrist sign (Walker-Murdoch sign),,Invalid ID,False,Positive wrist sign,1,sim2,False,Invalid ID,False,,
HP:0000593,Deep-set eyes,Abnormal anterior chamber morphology,Name Mismatch,True,Deep-set eyes,1,sim2,False,Check Mapping,False,,
HP:0000589,Deep-set eyes,Coloboma,Name Mismatch,True,Deep-set eyes,1,sim2,False,Check Mapping,False,,
HP:0000588,Deep-set eyes,Optic disc coloboma,Name Mismatch,True,Deep-set eyes,1,sim2,False,Check Mapping,False,,
HP:0000418,Depressed nasal bridge,Narrow nasal ridge,Name Mismatch,True,Depressed nasal bridge,1,sim2,False,Check Mapping,False,,
HP:0000326,Deep-set eyes,Abnormal maxilla morphology,Name Mismatch,True,Deep-set eyes,1,sim2,False,Check Mapping,False,,
HP:0000330,Flat nasal bridge,,Invalid ID,False,Flat nasal bridge,1,sim2,False,Invalid ID,False,,
HP:0000342,Thin upper lip,,Invalid ID,False,Thin upper lip,1,sim2,False,Invalid ID,False,,
HP:0000346,Flat nasal bridge,Whistling appearance,Name Mismatch,True,Flat nasal bridge,1,sim2,False,Check Mapping,False,,
HP:0000347,Flat nasal bridge,Micrognathia,Name Mismatch,True,Flat nasal bridge,1,sim2,False,Check Mapping,False,,
HP:0000407,Hypoplasia of the nasal bridge,Sensorineural hearing impairment,Name Mismatch,True,Hypoplasia of the nasal bridge,1,sim2,False,Check Mapping,False,,
HP:0000411,Flat nasal bridge,Protruding ear,Name Mismatch,True,Flat nasal bridge,1,sim2,False,Check Mapping,False,,
HP:0000414,Flat nasal bridge,Bulbous nose,Name Mismatch,True,Flat nasal bridge,1,sim2,False,Check Mapping,False,,
HP:0000420,Flat nasal bridge,Short nasal septum,Name Mismatch,True,Flat nasal bridge,1,sim2,False,Check Mapping,False,,
HP:0000258,Highly arched palate,,Invalid ID,False,Highly arched palate,1,sim2,False,Invalid ID,False,,
HP:0000425,Flattened nasal bridge,,Invalid ID,False,Flattened nasal bridge,1,sim2,False,Invalid ID,False,,
HP:0000426,Flat nasal bridge,Prominent nasal bridge,Name Mismatch,True,Flat nasal bridge,1,sim2,False,Check Mapping,False,,
HP:0000427,Flat nasal bridge,,Invalid ID,False,Flat nasal bridge,1,sim2,False,Invalid ID,False,,
HP:0000428,Flat nasal bridge,,Invalid ID,False,Flat nasal bridge,1,sim2,False,Invalid ID,False,,
HP:0000431,Depressed nasal bridge,Wide nasal bridge,Name Mismatch,True,Depressed nasal bridge,1,sim2,False,Check Mapping,False,,
HP:0000431,Wide nasal bridge,Wide nasal bridge,Exact Match,True,Wide nasal bridge,1,sim2,True,None,True,,
HP:0000432,Flat nasal bridge,,Invalid ID,False,Flat nasal bridge,1,sim2,False,Invalid ID,False,,
HP:0000450,Deeply set eyes,,Invalid ID,False,Deeply set eyes,1,sim2,False,Invalid ID,False,,
HP:0000290,Flat nasal bridge,Abnormal forehead morphology,Name Mismatch,True,Flat nasal bridge,1,sim2,False,Check Mapping,False,,
HP:0000258,High arched palate,,Invalid ID,False,High arched palate,1,sim2,False,Invalid ID,False,,
HP:0000587,Deep-set eyes,Abnormal optic nerve morphology,Name Mismatch,True,Deep-set eyes,1,sim2,False,Check Mapping,False,,
HP:0000218,"High palate - DIRECT (""high arched palate"")",High palate,Name Mismatch,True,High palate - DIRECT,1,sim2,False,Check Mapping,False,,
HP:0000007,Microcephaly,Autosomal recessive inheritance,Name Mismatch,True,Microcephaly,1,sim2,False,Check Mapping,False,,
HP:0000092,Tall stature,Renal tubular atrophy,Name Mismatch,True,Tall stature,1,sim2,False,Check Mapping,False,,
HP:0000098,"Tall stature (from ""Height 6'"", ""tall stature"" in assessment) - Inferred/Direct",Tall stature,Name Mismatch,True,Tall stature - Inferred/Direct,1,sim2,False,Check Mapping,False,,
HP:0000098,"Tall stature - DIRECT (""tall stature"") & INFERRED (height 6' at 17yo)",Tall stature,Name Mismatch,True,Tall stature - DIRECT & INFERRED,1,sim2,False,Check Mapping,False,,
HP:0000099,Excessive growth,Glomerulonephritis,Name Mismatch,True,Excessive growth,1,sim2,False,Check Mapping,False,,
HP:0000155,Accelerated growth,Oral ulcer,Name Mismatch,True,Accelerated growth,1,sim2,False,Check Mapping,False,,
HP:0000213,High-arched palate,,Invalid ID,False,High-arched palate,1,sim2,False,Invalid ID,False,,
HP:0000218,"High palate (from ""high arched palate"") - Direct",High palate,Name Mismatch,True,High palate - Direct,1,sim2,False,Check Mapping,False,,
HP:0000218,"High, arched palate",High palate,Synonym,True,"High, arched palate",1,sim2,True,None,True,,
HP:0000252,Microcephaly,Microcephaly,Exact Match,True,Microcephaly,1,sim2,True,None,True,,
HP:0000218,Thin upper lip vermilion,High palate,Name Mismatch,True,Thin upper lip vermilion,1,sim2,False,Check Mapping,False,,
HP:0000219,Microcephaly,Thin upper lip vermilion,Name Mismatch,True,Microcephaly,1,sim2,False,Check Mapping,False,,
HP:0000219,"Thin upper lip vermilion (from ""thin upper lip"") - Direct",Thin upper lip vermilion,Name Mismatch,True,Thin upper lip vermilion - Direct,1,sim2,False,Check Mapping,False,,
HP:0000219,"Thin upper lip vermilion - DIRECT (""thin upper lip"")",Thin upper lip vermilion,Name Mismatch,True,Thin upper lip vermilion - DIRECT,1,sim2,False,Check Mapping,False,,
HP:0000219,Thin upper lip vermilion border,Thin upper lip vermilion,Name Mismatch,True,Thin upper lip vermilion border,1,sim2,False,Check Mapping,False,,
HP:0000219,Thin vermilion border,Thin upper lip vermilion,Name Mismatch,True,Thin vermilion border,1,sim2,False,Check Mapping,False,,
HP:0000219,Thin vermilion border of upper lip,Thin upper lip vermilion,Synonym,True,Thin vermilion border of upper lip,1,sim2,True,None,True,,
HP:0000233,Thin vermilion border,Thin vermilion border,Exact Match,True,Thin vermilion border,1,sim2,True,None,True,,
HP:0000450,Depressed nasal bridge,,Invalid ID,False,Depressed nasal bridge,1,sim2,False,Invalid ID,False,,
HP:0000458,Deep-set eyes,Anosmia,Name Mismatch,True,Deep-set eyes,1,sim2,False,Check Mapping,False,,
HP:0000458,Deeply set eyes,Anosmia,Name Mismatch,True,Deeply set eyes,1,sim2,False,Check Mapping,False,,
HP:0000562,Deep-set eyes,,Invalid ID,False,Deep-set eyes,1,sim2,False,Invalid ID,False,,
HP:0000545,Deep-set eyes,Myopia,Name Mismatch,True,Deep-set eyes,1,sim2,False,Check Mapping,False,,
HP:0000545,"Myopia (from ""nearsighted"", ""worsening myopia"") - Direct",Myopia,Name Mismatch,True,Myopia - Direct,1,sim2,False,Check Mapping,False,,
HP:0000545,"Myopia - DIRECT (""nearsighted"", ""worsening myopia"")",Myopia,Name Mismatch,True,Myopia - DIRECT,1,sim2,False,Check Mapping,False,,
HP:0000546,Deep-set eyes,Retinal degeneration,Name Mismatch,True,Deep-set eyes,1,sim2,False,Check Mapping,False,,
HP:0000547,Deep-set eyes,obsolete Tapetoretinal degeneration,Name Mismatch,True,Deep-set eyes,1,sim2,False,Check Mapping,False,,
HP:0000548,Progressive myopia,Cone/cone-rod dystrophy,Name Mismatch,True,Progressive myopia,1,sim2,False,Check Mapping,False,,
HP:0000549,Myopia,Abnormal conjugate eye movement,Name Mismatch,True,Myopia,1,sim2,False,Check Mapping,False,,
HP:0000561,Deep-set eyes,Absent eyelashes,Name Mismatch,True,Deep-set eyes,1,sim2,False,Check Mapping,False,,
HP:0000564,Deep-set eyes,Lacrimal duct atresia,Name Mismatch,True,Deep-set eyes,1,sim2,False,Check Mapping,False,,
HP:0000484,Deep-set eyes,Hyperopic astigmatism,Name Mismatch,True,Deep-set eyes,1,sim2,False,Check Mapping,False,,
HP:0000565,Deep-set eyes,Esotropia,Name Mismatch,True,Deep-set eyes,1,sim2,False,Check Mapping,False,,
HP:0000566,Deep-set eyes,,Invalid ID,False,Deep-set eyes,1,sim2,False,Invalid ID,False,,
HP:0000568,Deep set eyes,Microphthalmia,Name Mismatch,True,Deep set eyes,1,sim2,False,Check Mapping,False,,
HP:0000580,Deep-set eyes,Pigmentary retinopathy,Name Mismatch,True,Deep-set eyes,1,sim2,False,Check Mapping,False,,
HP:0000581,Deep-set eyes,Blepharophimosis,Name Mismatch,True,Deep-set eyes,1,sim2,False,Check Mapping,False,,
HP:0000582,Deep-set eyes,Upslanted palpebral fissure,Name Mismatch,True,Deep-set eyes,1,sim2,False,Check Mapping,False,,
HP:0000585,Deep-set eyes,Band keratopathy,Name Mismatch,True,Deep-set eyes,1,sim2,False,Check Mapping,False,,
HP:0000586,Arachnodactyly,Shallow orbits,Name Mismatch,True,Arachnodactyly,1,sim2,False,Check Mapping,False,,
HP:0000544,Deep-set eyes,External ophthalmoplegia,Name Mismatch,True,Deep-set eyes,1,sim2,False,Check Mapping,False,,
HP:0000543,Myopia,Optic disc pallor,Name Mismatch,True,Myopia,1,sim2,False,Check Mapping,False,,
HP:0000529,Myopia,Progressive visual loss,Name Mismatch,True,Myopia,1,sim2,False,Check Mapping,False,,
HP:0000528,Myopia,Anophthalmia,Name Mismatch,True,Myopia,1,sim2,False,Check Mapping,False,,
HP:0000490,Deep set eyes,Deeply set eye,Name Mismatch,True,Deep set eyes,1,sim2,False,Check Mapping,False,,
HP:0000490,"Deeply set eyes (from ""Deep set eyes"") - Direct",Deeply set eye,Name Mismatch,True,Deeply set eyes - Direct,1,sim2,False,Check Mapping,False,,
HP:0000490,"Deeply set eyes - DIRECT (""Deep set eyes"")",Deeply set eye,Name Mismatch,True,Deeply set eyes - DIRECT,1,sim2,False,Check Mapping,False,,
HP:0000500,Deeply set eye,,Invalid ID,False,Deeply set eye,1,sim2,False,Invalid ID,False,,
HP:0000505,Deep-set eyes,Visual impairment,Name Mismatch,True,Deep-set eyes,1,sim2,False,Check Mapping,False,,
HP:0000507,Deep-set eyes,,Invalid ID,False,Deep-set eyes,1,sim2,False,Invalid ID,False,,
HP:0000510,Deep-set eyes,Rod-cone dystrophy,Name Mismatch,True,Deep-set eyes,1,sim2,False,Check Mapping,False,,
HP:0000518,Deep-set eyes,Cataract,Name Mismatch,True,Deep-set eyes,1,sim2,False,Check Mapping,False,,
HP:0000518,Progressive myopia,Cataract,Name Mismatch,True,Progressive myopia,1,sim2,False,Check Mapping,False,,
HP:0000519,Deep-set eyes,Developmental cataract,Name Mismatch,True,Deep-set eyes,1,sim2,False,Check Mapping,False,,
HP:0000522,Myopia,Alacrima,Name Mismatch,True,Myopia,1,sim2,False,Check Mapping,False,,
HP:0000523,Myopia,Subcapsular cataract,Name Mismatch,True,Myopia,1,sim2,False,Check Mapping,False,,
HP:0000524,Deep set eyes,Conjunctival telangiectasia,Name Mismatch,True,Deep set eyes,1,sim2,False,Check Mapping,False,,
HP:0000524,Myopia,Conjunctival telangiectasia,Name Mismatch,True,Myopia,1,sim2,False,Check Mapping,False,,
HP:0000526,Myopia,Aniridia,Name Mismatch,True,Myopia,1,sim2,False,Check Mapping,False,,
HP:0000527,Deep-set eyes,Long eyelashes,Name Mismatch,True,Deep-set eyes,1,sim2,False,Check Mapping,False,,
HP:0000527,Myopia,Long eyelashes,Name Mismatch,True,Myopia,1,sim2,False,Check Mapping,False,,
HP:0001233,Positive wrist sign,2-3 finger cutaneous syndactyly,Name Mismatch,True,Positive wrist sign,1,sim2,False,Check Mapping,False,,
HP:0001236,Positive thumb sign,,Invalid ID,False,Positive thumb sign,1,sim2,False,Invalid ID,False,,
HP:0002827,Arthralgia,Hip dislocation,Name Mismatch,True,Arthralgia,1,sim2,False,Check Mapping,False,,
HP:0001891,Normocytic anemia,Iron deficiency anemia,Name Mismatch,True,Normocytic anemia,1,sim2,False,Check Mapping,False,,
HP:0001680,Holosystolic murmur,Coarctation of aorta,Name Mismatch,True,Holosystolic murmur,1,sim2,False,Check Mapping,False,,
HP:0001681,Chest pain,Angina pectoris,Name Mismatch,True,Chest pain,1,sim2,False,Check Mapping,False,,
HP:0001681,Exertional chest pain,Angina pectoris,Name Mismatch,True,Exertional chest pain,1,sim2,False,Check Mapping,False,,
HP:0001688,Systolic murmur,Sinus bradycardia,Name Mismatch,True,Systolic murmur,1,sim2,False,Check Mapping,False,,
HP:0001705,Thumb sign,Right ventricular outlet tract obstruction,Name Mismatch,True,Thumb sign,1,sim2,False,Check Mapping,False,,
HP:0001878,Anisocytosis,Hemolytic anemia,Name Mismatch,True,Anisocytosis,1,sim2,False,Check Mapping,False,,
HP:0001891,Anemia,Iron deficiency anemia,Name Mismatch,True,Anemia,1,sim2,False,Check Mapping,False,,
HP:0001891,Anisocytosis,Iron deficiency anemia,Name Mismatch,True,Anisocytosis,1,sim2,False,Check Mapping,False,,
HP:0001892,Normocytic anemia,Abnormal bleeding,Name Mismatch,True,Normocytic anemia,1,sim2,False,Check Mapping,False,,
HP:0001663,Holosystolic murmur,Ventricular fibrillation,Name Mismatch,True,Holosystolic murmur,1,sim2,False,Check Mapping,False,,
HP:0001894,Erythrocytopenia,Thrombocytosis,Name Mismatch,True,Erythrocytopenia,1,sim2,False,Check Mapping,False,,
HP:0001897,Normocytic anemia (from low Hgb/Hct/RBC with normal MCV) - Inferred,Normocytic anemia,Name Mismatch,True,Normocytic anemia - Inferred,1,sim2,False,Check Mapping,False,,
HP:0001897,Normocytic anemia - INFERRED (low Hgb/Hct/RBC with normal MCV),Normocytic anemia,Name Mismatch,True,Normocytic anemia - INFERRED,1,sim2,False,Check Mapping,False,,
HP:0001898,Normocytic anemia,Increased red blood cell mass,Name Mismatch,True,Normocytic anemia,1,sim2,False,Check Mapping,False,,
HP:0001899,Normocytic anemia,Increased hematocrit,Name Mismatch,True,Normocytic anemia,1,sim2,False,Check Mapping,False,,
HP:0001901,Normocytic anemia,Polycythemia,Name Mismatch,True,Normocytic anemia,1,sim2,False,Check Mapping,False,,
HP:0001902,Cardiac murmur,Giant platelets,Name Mismatch,True,Cardiac murmur,1,sim2,False,Check Mapping,False,,
HP:0001902,Normocytic anemia,Giant platelets,Name Mismatch,True,Normocytic anemia,1,sim2,False,Check Mapping,False,,
HP:0001671,Holosystolic murmur,Abnormal cardiac septum morphology,Name Mismatch,True,Holosystolic murmur,1,sim2,False,Check Mapping,False,,
HP:0001662,Cardiac murmur,Bradycardia,Name Mismatch,True,Cardiac murmur,1,sim2,False,Check Mapping,False,,
HP:0001904,Normocytic anemia,Autoimmune neutropenia,Name Mismatch,True,Normocytic anemia,1,sim2,False,Check Mapping,False,,
HP:0001655,Holosystolic murmur,Patent foramen ovale,Name Mismatch,True,Holosystolic murmur,1,sim2,False,Check Mapping,False,,
HP:0001651,Positive wrist sign,Dextrocardia,Name Mismatch,True,Positive wrist sign,1,sim2,False,Check Mapping,False,,
HP:0001652,Heart murmur,,Invalid ID,False,Heart murmur,1,sim2,False,Invalid ID,False,,
HP:0001653,Mitral regurgitation,Mitral regurgitation,Exact Match,True,Mitral regurgitation,1,sim2,True,None,True,,
HP:0001653,Positive wrist sign,Mitral regurgitation,Name Mismatch,True,Positive wrist sign,1,sim2,False,Check Mapping,False,,
HP:0001654,Holosystolic murmur,Abnormal heart valve morphology,Name Mismatch,True,Holosystolic murmur,1,sim2,False,Check Mapping,False,,
HP:0001654,Systolic murmur,Abnormal heart valve morphology,Name Mismatch,True,Systolic murmur,1,sim2,False,Check Mapping,False,,
HP:0001655,Chest pain,Patent foramen ovale,Name Mismatch,True,Chest pain,1,sim2,False,Check Mapping,False,,
HP:0001655,Chest pain on exertion,Patent foramen ovale,Name Mismatch,True,Chest pain on exertion,1,sim2,False,Check Mapping,False,,
HP:0001655,Positive wrist sign,Patent foramen ovale,Name Mismatch,True,Positive wrist sign,1,sim2,False,Check Mapping,False,,
HP:0001659,Positive wrist sign,Aortic regurgitation,Name Mismatch,True,Positive wrist sign,1,sim2,False,Check Mapping,False,,
HP:0001656,Heart murmur,,Invalid ID,False,Heart murmur,1,sim2,False,Invalid ID,False,,
HP:0001656,Positive wrist sign,,Invalid ID,False,Positive wrist sign,1,sim2,False,Invalid ID,False,,
HP:0001657,Chest pain,Prolonged QT interval,Name Mismatch,True,Chest pain,1,sim2,False,Check Mapping,False,,
HP:0001657,Wrist sign,Prolonged QT interval,Name Mismatch,True,Wrist sign,1,sim2,False,Check Mapping,False,,
HP:0001658,Chest pain (intermittent exertional chest discomfort),Myocardial infarction,Name Mismatch,True,Chest pain,1,sim2,False,Check Mapping,False,,
HP:0001658,Holosystolic murmur,Myocardial infarction,Name Mismatch,True,Holosystolic murmur,1,sim2,False,Check Mapping,False,,
HP:0001659,Chest pain,Aortic regurgitation,Name Mismatch,True,Chest pain,1,sim2,False,Check Mapping,False,,
HP:0001659,Holosystolic murmur,Aortic regurgitation,Name Mismatch,True,Holosystolic murmur,1,sim2,False,Check Mapping,False,,
HP:0001903,Anisocytosis,Anemia,Name Mismatch,True,Anisocytosis,1,sim2,False,Check Mapping,False,,
HP:0001905,Normocytic anemia,Congenital thrombocytopenia,Name Mismatch,True,Normocytic anemia,1,sim2,False,Check Mapping,False,,
HP:0001238,Dolichostenomelia,Slender finger,Name Mismatch,True,Dolichostenomelia,1,sim2,False,Check Mapping,False,,
HP:0002650,"Scoliosis - DIRECT (""progressive scoliosis"", ""mild/moderate scoliosis"")",Scoliosis,Name Mismatch,True,Scoliosis - DIRECT,1,sim2,False,Check Mapping,False,,
HP:0002099,Chest pain,Asthma,Name Mismatch,True,Chest pain,1,sim2,False,Check Mapping,False,,
HP:0002117,Progressive myopia,,Invalid ID,False,Progressive myopia,1,sim2,False,Invalid ID,False,,
HP:0002143,Increased arm span to height ratio,Abnormal spinal cord morphology,Name Mismatch,True,Increased arm span to height ratio,1,sim2,False,Check Mapping,False,,
HP:0002160,Progressive myopia,Hyperhomocystinemia,Name Mismatch,True,Progressive myopia,1,sim2,False,Check Mapping,False,,
HP:0002168,Chest pain,Scanning speech,Name Mismatch,True,Chest pain,1,sim2,False,Check Mapping,False,,
HP:0002553,High-arched palate,Highly arched eyebrow,Name Mismatch,True,High-arched palate,1,sim2,False,Check Mapping,False,,
HP:0002601,Joint hypermobility,Paresis of extensor muscles of the big toe,Name Mismatch,True,Joint hypermobility,1,sim2,False,Check Mapping,False,,
HP:0002650,"Scoliosis (from ""progressive scoliosis"") - Direct",Scoliosis,Name Mismatch,True,Scoliosis - Direct,1,sim2,False,Check Mapping,False,,
HP:0002652,Progressive scoliosis,Skeletal dysplasia,Name Mismatch,True,Progressive scoliosis,1,sim2,False,Check Mapping,False,,
HP:0002082,Systolic heart murmur,,Invalid ID,False,Systolic heart murmur,1,sim2,False,Invalid ID,False,,
HP:0002705,High palate,"High, narrow palate",Name Mismatch,True,High palate,1,sim2,False,Check Mapping,False,,
HP:0002705,"High, narrow palate","High, narrow palate",Exact Match,True,"High, narrow palate",1,sim2,True,None,True,,
HP:0002705,High-arched palate,"High, narrow palate",Name Mismatch,True,High-arched palate,1,sim2,False,Check Mapping,False,,
HP:0002751,Progressive scoliosis,Kyphoscoliosis,Name Mismatch,True,Progressive scoliosis,1,sim2,False,Check Mapping,False,,
HP:0002757,Bone fracture,Recurrent fractures,Name Mismatch,True,Bone fracture,1,sim2,False,Check Mapping,False,,
HP:0002761,Generalized joint hypermobility,Generalized joint hypermobility,Exact Match,True,Generalized joint hypermobility,1,sim2,True,None,True,,
HP:0002761,Joint hypermobility,Generalized joint hypermobility,Name Mismatch,True,Joint hypermobility,1,sim2,False,Check Mapping,False,,
HP:0002805,Back pain,Accelerated bone age after puberty,Name Mismatch,True,Back pain,1,sim2,False,Check Mapping,False,,
HP:0002088,Heart murmur,Abnormal lung morphology,Name Mismatch,True,Heart murmur,1,sim2,False,Check Mapping,False,,
HP:0001999,Abnormal heart sounds,Abnormal facial shape,Name Mismatch,True,Abnormal heart sounds,1,sim2,False,Check Mapping,False,,
HP:0001915,Normocytic anemia,Aplastic anemia,Name Mismatch,True,Normocytic anemia,1,sim2,False,Check Mapping,False,,
HP:0001937,Normocytic anemia,Microangiopathic hemolytic anemia,Name Mismatch,True,Normocytic anemia,1,sim2,False,Check Mapping,False,,
HP:0001923,Increased red cell distribution width,Reticulocytosis,Name Mismatch,True,Increased red cell distribution width,1,sim2,False,Check Mapping,False,,
HP:0001924,Anisocytosis,Sideroblastic anemia,Name Mismatch,True,Anisocytosis,1,sim2,False,Check Mapping,False,,
HP:0001925,Anisocytosis,,Invalid ID,False,Anisocytosis,1,sim2,False,Invalid ID,False,,
HP:0001927,Normocytic anemia,Acanthocytosis,Name Mismatch,True,Normocytic anemia,1,sim2,False,Check Mapping,False,,
HP:0001931,Normocytic anemia,Hypochromic anemia,Name Mismatch,True,Normocytic anemia,1,sim2,False,Check Mapping,False,,
HP:0001932,Normocytic anemia,,Invalid ID,False,Normocytic anemia,1,sim2,False,Invalid ID,False,,
HP:0000001,Phenotypic abnormality,All,Name Mismatch,True,Phenotypic abnormality,1,sim2,False,Check Mapping,False,,
HP:0001935,Normocytic anemia,Microcytic anemia,Name Mismatch,True,Normocytic anemia,1,sim2,False,Check Mapping,False,,
HP:0001938,Normocytic anemia,,Invalid ID,False,Normocytic anemia,1,sim2,False,Invalid ID,False,,
HP:0001979,Normocytic anemia,,Invalid ID,False,Normocytic anemia,1,sim2,False,Invalid ID,False,,
HP:0001939,Anemia,Abnormality of metabolism/homeostasis,Name Mismatch,True,Anemia,1,sim2,False,Check Mapping,False,,
HP:0001941,Normocytic anemia,Acidosis,Name Mismatch,True,Normocytic anemia,1,sim2,False,Check Mapping,False,,
HP:0001970,Normocytic anemia,Tubulointerstitial nephritis,Name Mismatch,True,Normocytic anemia,1,sim2,False,Check Mapping,False,,
HP:0001971,Normocytic anemia,Hypersplenism,Name Mismatch,True,Normocytic anemia,1,sim2,False,Check Mapping,False,,
HP:0001972,Normocytic anemia,Macrocytic anemia,Name Mismatch,True,Normocytic anemia,1,sim2,False,Check Mapping,False,,
HP:0001973,Normocytic anemia,Autoimmune thrombocytopenia,Name Mismatch,True,Normocytic anemia,1,sim2,False,Check Mapping,False,,
HP:0001974,Normocytic anemia,Increased total leukocyte count,Name Mismatch,True,Normocytic anemia,1,sim2,False,Check Mapping,False,,
HP:0001977,Anemia,Abnormal thrombosis,Name Mismatch,True,Anemia,1,sim2,False,Check Mapping,False,,
HP:0001651,Positive thumb sign,Dextrocardia,Name Mismatch,True,Positive thumb sign,1,sim2,False,Check Mapping,False,,
HP:0001648,Holosystolic cardiac murmur,Cor pulmonale,Name Mismatch,True,Holosystolic cardiac murmur,1,sim2,False,Check Mapping,False,,
HP:0001645,Holosystolic murmur,Sudden cardiac death,Name Mismatch,True,Holosystolic murmur,1,sim2,False,Check Mapping,False,,
HP:0001518,Tall stature,Small for gestational age,Name Mismatch,True,Tall stature,1,sim2,False,Check Mapping,False,,
HP:0001513,Increased arm span-to-height ratio,Obesity,Name Mismatch,True,Increased arm span-to-height ratio,1,sim2,False,Check Mapping,False,,
HP:0001513,Increased ratio of arm span to height,Obesity,Name Mismatch,True,Increased ratio of arm span to height,1,sim2,False,Check Mapping,False,,
HP:0001513,Thin habitus,Obesity,Name Mismatch,True,Thin habitus,1,sim2,False,Check Mapping,False,,
HP:0001514,Increased ratio of arm span to height,,Invalid ID,False,Increased ratio of arm span to height,1,sim2,False,Invalid ID,False,,
HP:0001515,Increased arm span,,Invalid ID,False,Increased arm span,1,sim2,False,Invalid ID,False,,
HP:0001517,Arm span greater than height,,Invalid ID,False,Arm span greater than height,1,sim2,False,Invalid ID,False,,
HP:0001517,Increased arm span to height ratio,,Invalid ID,False,Increased arm span to height ratio,1,sim2,False,Invalid ID,False,,
HP:0001518,Slender build,Small for gestational age,Name Mismatch,True,Slender build,1,sim2,False,Check Mapping,False,,
HP:0001519,Dolichostenomelia,Disproportionate tall stature,Synonym,True,Dolichostenomelia,1,sim2,True,None,True,,
HP:0001513,Accelerated growth,Obesity,Name Mismatch,True,Accelerated growth,1,sim2,False,Check Mapping,False,,
HP:0001519,Increased arm span-to-height ratio,Disproportionate tall stature,Name Mismatch,True,Increased arm span-to-height ratio,1,sim2,False,Check Mapping,False,,
HP:0001519,Tall stature,Disproportionate tall stature,Name Mismatch,True,Tall stature,1,sim2,False,Check Mapping,False,,
HP:0001520,Accelerated growth,Large for gestational age,Name Mismatch,True,Accelerated growth,1,sim2,False,Check Mapping,False,,
HP:0001522,Accelerated skeletal maturation,Death in infancy,Name Mismatch,True,Accelerated skeletal maturation,1,sim2,False,Check Mapping,False,,
HP:0001527,Accelerated growth,,Invalid ID,False,Accelerated growth,1,sim2,False,Invalid ID,False,,
HP:0001527,Accelerated skeletal growth,,Invalid ID,False,Accelerated skeletal growth,1,sim2,False,Invalid ID,False,,
HP:0001528,Increased arm span,Hemihypertrophy,Name Mismatch,True,Increased arm span,1,sim2,False,Check Mapping,False,,
HP:0001529,Rapid somatic growth,,Invalid ID,False,Rapid somatic growth,1,sim2,False,Invalid ID,False,,
HP:0001513,Increased arm span to height ratio,Obesity,Name Mismatch,True,Increased arm span to height ratio,1,sim2,False,Check Mapping,False,,
HP:0001512,Slender build,,Invalid ID,False,Slender build,1,sim2,False,Invalid ID,False,,
HP:0001645,Chest pain,Sudden cardiac death,Name Mismatch,True,Chest pain,1,sim2,False,Check Mapping,False,,
HP:0001510,Arm span greater than height,Growth delay,Name Mismatch,True,Arm span greater than height,1,sim2,False,Check Mapping,False,,
HP:0001254,Arthralgia,Lethargy,Name Mismatch,True,Arthralgia,1,sim2,False,Check Mapping,False,,
HP:0001312,Normocytic anemia,Giant somatosensory evoked potentials,Name Mismatch,True,Normocytic anemia,1,sim2,False,Check Mapping,False,,
HP:0001376,Hypermobile joints,Limitation of joint mobility,Name Mismatch,True,Hypermobile joints,1,sim2,False,Check Mapping,False,,
HP:0001382,Joint hypermobility (from assessment) - Direct,Joint hypermobility,Name Mismatch,True,Joint hypermobility - Direct,1,sim2,False,Check Mapping,False,,
HP:0001382,Joint hypermobility - DIRECT (stated in assessment),Joint hypermobility,Name Mismatch,True,Joint hypermobility - DIRECT,1,sim2,False,Check Mapping,False,,
HP:0001388,Generalized joint hypermobility,obsolete Joint laxity,Name Mismatch,True,Generalized joint hypermobility,1,sim2,False,Check Mapping,False,,
HP:0001507,Arachnodactyly,Growth abnormality,Name Mismatch,True,Arachnodactyly,1,sim2,False,Check Mapping,False,,
HP:0001507,Wasting,Growth abnormality,Name Mismatch,True,Wasting,1,sim2,False,Check Mapping,False,,
HP:0001510,Asthenic build,Growth delay,Name Mismatch,True,Asthenic build,1,sim2,False,Check Mapping,False,,
HP:0001512,Increased ratio of arm span to height,,Invalid ID,False,Increased ratio of arm span to height,1,sim2,False,Invalid ID,False,,
HP:0001510,Increased arm span,Growth delay,Name Mismatch,True,Increased arm span,1,sim2,False,Check Mapping,False,,
HP:0001510,Increased arm span-to-height ratio,Growth delay,Name Mismatch,True,Increased arm span-to-height ratio,1,sim2,False,Check Mapping,False,,
HP:0001510,Slender build,Growth delay,Name Mismatch,True,Slender build,1,sim2,False,Check Mapping,False,,
HP:0001511,Arm span greater than height,Intrauterine growth retardation,Name Mismatch,True,Arm span greater than height,1,sim2,False,Check Mapping,False,,
HP:0001511,Increased arm span to height ratio,Intrauterine growth retardation,Name Mismatch,True,Increased arm span to height ratio,1,sim2,False,Check Mapping,False,,
HP:0001511,Increased arm span-to-height ratio,Intrauterine growth retardation,Name Mismatch,True,Increased arm span-to-height ratio,1,sim2,False,Check Mapping,False,,
HP:0001511,Underweight,Intrauterine growth retardation,Name Mismatch,True,Underweight,1,sim2,False,Check Mapping,False,,
HP:0001512,Increased arm span-to-height ratio,,Invalid ID,False,Increased arm span-to-height ratio,1,sim2,False,Invalid ID,False,,
HP:0001530,Increased arm span,Mild postnatal growth retardation,Name Mismatch,True,Increased arm span,1,sim2,False,Check Mapping,False,,
HP:0001533,Asthenic body habitus,Slender build,Name Mismatch,True,Asthenic body habitus,1,sim2,False,Check Mapping,False,,
HP:0001533,Asthenic habitus,Slender build,Synonym,True,Asthenic habitus,1,sim2,True,None,True,,
HP:0001632,Holosystolic murmur,,Invalid ID,False,Holosystolic murmur,1,sim2,False,Invalid ID,False,,
HP:0001626,Holosystolic murmur,Abnormality of the cardiovascular system,Name Mismatch,True,Holosystolic murmur,1,sim2,False,Check Mapping,False,,
HP:0001626,Systolic murmur,Abnormality of the cardiovascular system,Name Mismatch,True,Systolic murmur,1,sim2,False,Check Mapping,False,,
HP:0001627,Abnormal heart morphology,Abnormal heart morphology,Exact Match,True,Abnormal heart morphology,1,sim2,True,None,True,,
HP:0001627,Abnormal heart murmur,Abnormal heart morphology,Name Mismatch,True,Abnormal heart murmur,1,sim2,False,Check Mapping,False,,
HP:0001629,Heart murmur,Ventricular septal defect,Name Mismatch,True,Heart murmur,1,sim2,False,Check Mapping,False,,
HP:0001629,Holosystolic murmur,Ventricular septal defect,Name Mismatch,True,Holosystolic murmur,1,sim2,False,Check Mapping,False,,
HP:0001630,Holosystolic murmur,,Invalid ID,False,Holosystolic murmur,1,sim2,False,Invalid ID,False,,
HP:0001631,Heart murmur,Atrial septal defect,Name Mismatch,True,Heart murmur,1,sim2,False,Check Mapping,False,,
HP:0001633,Heart murmur,Abnormal mitral valve morphology,Name Mismatch,True,Heart murmur,1,sim2,False,Check Mapping,False,,
HP:0001533,Increased arm span,Slender build,Name Mismatch,True,Increased arm span,1,sim2,False,Check Mapping,False,,
HP:0001633,Holosystolic murmur,Abnormal mitral valve morphology,Name Mismatch,True,Holosystolic murmur,1,sim2,False,Check Mapping,False,,
HP:0001634,Cardiac murmur,Mitral valve prolapse,Name Mismatch,True,Cardiac murmur,1,sim2,False,Check Mapping,False,,
HP:0001636,Holosystolic murmur,Tetralogy of Fallot,Name Mismatch,True,Holosystolic murmur,1,sim2,False,Check Mapping,False,,
HP:0001637,Abnormal systolic heart murmur,Abnormal myocardium morphology,Name Mismatch,True,Abnormal systolic heart murmur,1,sim2,False,Check Mapping,False,,
HP:0001638,Heart murmur,Cardiomyopathy,Name Mismatch,True,Heart murmur,1,sim2,False,Check Mapping,False,,
HP:0001638,Holosystolic murmur,Cardiomyopathy,Name Mismatch,True,Holosystolic murmur,1,sim2,False,Check Mapping,False,,
HP:0001642,Pectus deformity,Pulmonic stenosis,Name Mismatch,True,Pectus deformity,1,sim2,False,Check Mapping,False,,
HP:0001643,Systolic murmur,Patent ductus arteriosus,Name Mismatch,True,Systolic murmur,1,sim2,False,Check Mapping,False,,
HP:0001624,Heart murmur,,Invalid ID,False,Heart murmur,1,sim2,False,Invalid ID,False,,
HP:0001624,Cardiac murmur,,Invalid ID,False,Cardiac murmur,1,sim2,False,Invalid ID,False,,
HP:0001578,Rapid growth,,Invalid ID,False,Rapid growth,1,sim2,False,Invalid ID,False,,
HP:0001578,Overgrowth,,Invalid ID,False,Overgrowth,1,sim2,False,Invalid ID,False,,
HP:0001533,"Slender build (from ""thin body habitus"") - Direct",Slender build,Name Mismatch,True,Slender build - Direct,1,sim2,False,Check Mapping,False,,
HP:0001533,"Slender build - DIRECT (""Thin body habitus"")",Slender build,Name Mismatch,True,Slender build - DIRECT,1,sim2,False,Check Mapping,False,,
HP:0001533,Slender habitus,Slender build,Name Mismatch,True,Slender habitus,1,sim2,False,Check Mapping,False,,
HP:0001533,Thin body habitus,Slender build,Synonym,True,Thin body habitus,1,sim2,True,None,True,,
HP:0001533,Thin habitus,Slender build,Name Mismatch,True,Thin habitus,1,sim2,False,Check Mapping,False,,
HP:0001547,Long toes,Abnormal rib cage morphology,Name Mismatch,True,Long toes,1,sim2,False,Check Mapping,False,,
HP:0001548,Growth acceleration,Overgrowth,Name Mismatch,True,Growth acceleration,1,sim2,False,Check Mapping,False,,
HP:0001548,Overgrowth,Overgrowth,Exact Match,True,Overgrowth,1,sim2,True,None,True,,
HP:0001550,Growth acceleration,,Invalid ID,False,Growth acceleration,1,sim2,False,Invalid ID,False,,
HP:0001550,Slender build,,Invalid ID,False,Slender build,1,sim2,False,Invalid ID,False,,
HP:0001557,Increased arm span,Prenatal movement abnormality,Name Mismatch,True,Increased arm span,1,sim2,False,Check Mapping,False,,
HP:0001558,"Accelerated growth (from ""rapid interval growth"") - Direct",Decreased fetal movement,Name Mismatch,True,Accelerated growth - Direct,1,sim2,False,Check Mapping,False,,
HP:0001558,Accelerated somatic growth,Decreased fetal movement,Name Mismatch,True,Accelerated somatic growth,1,sim2,False,Check Mapping,False,,
HP:0001558,Rapidly progressive growth,Decreased fetal movement,Name Mismatch,True,Rapidly progressive growth,1,sim2,False,Check Mapping,False,,
HP:0001576,Growth acceleration,,Invalid ID,False,Growth acceleration,1,sim2,False,Invalid ID,False,,
HP:0001578,Abnormally rapid growth,,Invalid ID,False,Abnormally rapid growth,1,sim2,False,Invalid ID,False,,
HP:0001578,Growth acceleration,,Invalid ID,False,Growth acceleration,1,sim2,False,Invalid ID,False,,
HP:0001934,Normocytic anemia,Persistent bleeding after trauma,Name Mismatch,True,Normocytic anemia,1,sim2,False,Check Mapping,False,,
